<application>
  <component name="MavenWrapperMapping">
    <option name="mapping">
      <map>
        <entry key="https://repo.maven.apache.org/maven2/org/apache/maven/apache-maven/3.5.4/apache-maven-3.5.4-bin.zip" value="C:\Users\walker.dou\.m2\wrapper\dists\apache-maven-3.5.4-bin\4lcg54ki11c6mp435njk296gm5\apache-maven-3.5.4" />
        <entry key="https://repo.maven.apache.org/maven2/org/apache/maven/apache-maven/3.6.0/apache-maven-3.6.0-bin.zip" value="C:\Users\walker.dou\.m2\wrapper\dists\apache-maven-3.6.0-bin\2dakv70gp803gtm5ve1ufmvttn\apache-maven-3.6.0" />
        <entry key="https://repo.maven.apache.org/maven2/org/apache/maven/apache-maven/3.6.3/apache-maven-3.6.3-bin.zip" value="C:\Users\walker.dou\.m2\wrapper\dists\apache-maven-3.6.3-bin\1iopthnavndlasol9gbrbg6bf2\apache-maven-3.6.3" />
        <entry key="https://repo.maven.apache.org/maven2/org/apache/maven/apache-maven/3.8.4/apache-maven-3.8.4-bin.zip" value="C:\Users\walker.dou\.m2\wrapper\dists\apache-maven-3.8.4-bin\52ccbt68d252mdldqsfsn03jlf\apache-maven-3.8.4" />
        <entry key="https://repo.maven.apache.org/maven2/org/apache/maven/apache-maven/3.8.6/apache-maven-3.8.6-bin.zip" value="C:\Users\walker.dou\.m2\wrapper\dists\apache-maven-3.8.6-bin\1ks0nkde5v1pk9vtc31i9d0lcd\apache-maven-3.8.6" />
        <entry key="https://repo.maven.apache.org/maven2/org/apache/maven/apache-maven/3.8.7/apache-maven-3.8.7-bin.zip" value="C:\Users\walker.dou\.m2\wrapper\dists\apache-maven-3.8.7-bin\1ktonn2lleg549uah6ngl1r74r\apache-maven-3.8.7" />
        <entry key="https://repo.maven.apache.org/maven2/org/apache/maven/apache-maven/3.9.4/apache-maven-3.9.4-bin.zip" value="C:\Users\walker.dou\.m2\wrapper\dists\apache-maven-3.9.4-bin\2vqnav6ufo1qvo5j2um40861m\apache-maven-3.9.4" />
        <entry key="https://repo1.maven.org/maven2/org/apache/maven/apache-maven/3.3.9/apache-maven-3.3.9-bin.zip" value="C:\Users\walker.dou\.m2\wrapper\dists\apache-maven-3.3.9-bin\2609u9g41na2l7ogackmif6fj2\apache-maven-3.3.9" />
        <entry key="https://repo1.maven.org/maven2/org/apache/maven/apache-maven/3.5.2/apache-maven-3.5.2-bin.zip" value="C:\Users\walker.dou\.m2\wrapper\dists\apache-maven-3.5.2-bin\28qa8v9e2mq69covern8vmdkj0\apache-maven-3.5.2" />
        <entry key="https://repo1.maven.org/maven2/org/apache/maven/apache-maven/3.5.3/apache-maven-3.5.3-bin.zip" value="C:\Users\walker.dou\.m2\wrapper\dists\apache-maven-3.5.3-bin\2c22a6s60afpuloj4v181qvild\apache-maven-3.5.3" />
      </map>
    </option>
  </component>
</application>