<application>
  <component name="FeatureSuggesterSettings">
    <option name="workingDays">
      <list>
        <option value="1701653311362" />
        <option value="1701737185761" />
        <option value="1701823925416" />
        <option value="1701909925018" />
        <option value="1702255565573" />
        <option value="1702342137914" />
        <option value="1702428352346" />
        <option value="1702515409842" />
        <option value="1702601467523" />
        <option value="1702863530067" />
        <option value="1702949355433" />
        <option value="1703033781295" />
        <option value="1703122028354" />
        <option value="1703206793963" />
        <option value="1703465915180" />
        <option value="1703552304659" />
        <option value="1703638530902" />
        <option value="1703724394443" />
        <option value="1703810960371" />
        <option value="1704156795321" />
        <option value="1704244292544" />
        <option value="1704329819948" />
        <option value="1704416471453" />
        <option value="1704677306109" />
        <option value="1704763163137" />
        <option value="1704848164840" />
        <option value="1704934058850" />
        <option value="1705021713025" />
        <option value="1705281425082" />
        <option value="1705366901006" />
      </list>
    </option>
  </component>
</application>