<application>
  <component name="FileTypeManager" version="18">
    <extensionMap>
      <mapping ext="xdb" type="PLAIN_TEXT" />
      <mapping ext="log" type="PLAIN_TEXT" />
      <mapping ext="vmoptions" type="PLAIN_TEXT" />
      <mapping ext="pem" type="PLAIN_TEXT" />
      <mapping ext="cer" type="PLAIN_TEXT" />
      <mapping ext="text" type="PLAIN_TEXT" />
      <removed_mapping ext="apk" approved="true" type="ARCHIVE" />
      <removed_mapping ext="psd" approved="true" type="Image" />
      <removed_mapping ext="qute.html" approved="true" type="Qute" />
      <removed_mapping ext="qute.json" approved="true" type="Qute" />
      <removed_mapping ext="qute.txt" approved="true" type="Qute" />
      <removed_mapping ext="qute.yaml" approved="true" type="Qute" />
      <removed_mapping ext="qute.yml" approved="true" type="Qute" />
    </extensionMap>
  </component>
</application>