<application>
  <component name="FindSettings">
    <option name="customScope" value="所有位置" />
    <option name="defaultScopeName" value="所有位置" />
    <option name="SEARCH_SCOPE" value="所有位置" />
    <mask>*.properties</mask>
    <mask>*.css</mask>
    <mask>*.html</mask>
    <mask>*.groovy</mask>
    <mask>*.js</mask>
    <mask>*.jsp</mask>
    <mask>`1</mask>
    <mask>*.vue</mask>
    <mask>*.yml</mask>
    <mask>*.md</mask>
    <mask>*.xml</mask>
    <mask>*.java</mask>
  </component>
</application>