<application>
  <component name="ProjectJdkTable">
    <jdk version="2">
      <name value="corretto-1.8" />
      <type value="JavaSDK" />
      <version value="Amazon Corretto version 1.8.0_332" />
      <homePath value="$USER_HOME$/.jdks/corretto-1.8.0_332" />
      <roots>
        <annotationsPath>
          <root type="composite">
            <root url="jar://$APPLICATION_HOME_DIR$/plugins/java/lib/resources/jdkAnnotations.jar!/" type="simple" />
          </root>
        </annotationsPath>
        <classPath>
          <root type="composite">
            <root url="jar://$USER_HOME$/.jdks/corretto-1.8.0_332/jre/lib/charsets.jar!/" type="simple" />
            <root url="jar://$USER_HOME$/.jdks/corretto-1.8.0_332/jre/lib/ext/access-bridge-64.jar!/" type="simple" />
            <root url="jar://$USER_HOME$/.jdks/corretto-1.8.0_332/jre/lib/ext/cldrdata.jar!/" type="simple" />
            <root url="jar://$USER_HOME$/.jdks/corretto-1.8.0_332/jre/lib/ext/dnsns.jar!/" type="simple" />
            <root url="jar://$USER_HOME$/.jdks/corretto-1.8.0_332/jre/lib/ext/jaccess.jar!/" type="simple" />
            <root url="jar://$USER_HOME$/.jdks/corretto-1.8.0_332/jre/lib/ext/jfxrt.jar!/" type="simple" />
            <root url="jar://$USER_HOME$/.jdks/corretto-1.8.0_332/jre/lib/ext/localedata.jar!/" type="simple" />
            <root url="jar://$USER_HOME$/.jdks/corretto-1.8.0_332/jre/lib/ext/nashorn.jar!/" type="simple" />
            <root url="jar://$USER_HOME$/.jdks/corretto-1.8.0_332/jre/lib/ext/sunec.jar!/" type="simple" />
            <root url="jar://$USER_HOME$/.jdks/corretto-1.8.0_332/jre/lib/ext/sunjce_provider.jar!/" type="simple" />
            <root url="jar://$USER_HOME$/.jdks/corretto-1.8.0_332/jre/lib/ext/sunmscapi.jar!/" type="simple" />
            <root url="jar://$USER_HOME$/.jdks/corretto-1.8.0_332/jre/lib/ext/sunpkcs11.jar!/" type="simple" />
            <root url="jar://$USER_HOME$/.jdks/corretto-1.8.0_332/jre/lib/ext/zipfs.jar!/" type="simple" />
            <root url="jar://$USER_HOME$/.jdks/corretto-1.8.0_332/jre/lib/jce.jar!/" type="simple" />
            <root url="jar://$USER_HOME$/.jdks/corretto-1.8.0_332/jre/lib/jfr.jar!/" type="simple" />
            <root url="jar://$USER_HOME$/.jdks/corretto-1.8.0_332/jre/lib/jfxswt.jar!/" type="simple" />
            <root url="jar://$USER_HOME$/.jdks/corretto-1.8.0_332/jre/lib/jsse.jar!/" type="simple" />
            <root url="jar://$USER_HOME$/.jdks/corretto-1.8.0_332/jre/lib/management-agent.jar!/" type="simple" />
            <root url="jar://$USER_HOME$/.jdks/corretto-1.8.0_332/jre/lib/resources.jar!/" type="simple" />
            <root url="jar://$USER_HOME$/.jdks/corretto-1.8.0_332/jre/lib/rt.jar!/" type="simple" />
          </root>
        </classPath>
        <javadocPath>
          <root type="composite" />
        </javadocPath>
        <sourcePath>
          <root type="composite">
            <root url="jar://$USER_HOME$/.jdks/corretto-1.8.0_332/src.zip!/" type="simple" />
            <root url="jar://$USER_HOME$/.jdks/corretto-1.8.0_332/javafx-src.zip!/" type="simple" />
          </root>
        </sourcePath>
      </roots>
      <additional />
    </jdk>
    <jdk version="2">
      <name value="17" />
      <type value="JavaSDK" />
      <version value="Oracle OpenJDK version 17.0.2" />
      <homePath value="C:\Program Files\Java\jdk-17.0.2" />
      <roots>
        <annotationsPath>
          <root type="composite">
            <root url="jar://$APPLICATION_HOME_DIR$/plugins/java/lib/resources/jdkAnnotations.jar!/" type="simple" />
          </root>
        </annotationsPath>
        <classPath>
          <root type="composite">
            <root url="jrt://C:/Program Files/Java/jdk-17.0.2!/java.base" type="simple" />
            <root url="jrt://C:/Program Files/Java/jdk-17.0.2!/java.compiler" type="simple" />
            <root url="jrt://C:/Program Files/Java/jdk-17.0.2!/java.datatransfer" type="simple" />
            <root url="jrt://C:/Program Files/Java/jdk-17.0.2!/java.desktop" type="simple" />
            <root url="jrt://C:/Program Files/Java/jdk-17.0.2!/java.instrument" type="simple" />
            <root url="jrt://C:/Program Files/Java/jdk-17.0.2!/java.logging" type="simple" />
            <root url="jrt://C:/Program Files/Java/jdk-17.0.2!/java.management" type="simple" />
            <root url="jrt://C:/Program Files/Java/jdk-17.0.2!/java.management.rmi" type="simple" />
            <root url="jrt://C:/Program Files/Java/jdk-17.0.2!/java.naming" type="simple" />
            <root url="jrt://C:/Program Files/Java/jdk-17.0.2!/java.net.http" type="simple" />
            <root url="jrt://C:/Program Files/Java/jdk-17.0.2!/java.prefs" type="simple" />
            <root url="jrt://C:/Program Files/Java/jdk-17.0.2!/java.rmi" type="simple" />
            <root url="jrt://C:/Program Files/Java/jdk-17.0.2!/java.scripting" type="simple" />
            <root url="jrt://C:/Program Files/Java/jdk-17.0.2!/java.se" type="simple" />
            <root url="jrt://C:/Program Files/Java/jdk-17.0.2!/java.security.jgss" type="simple" />
            <root url="jrt://C:/Program Files/Java/jdk-17.0.2!/java.security.sasl" type="simple" />
            <root url="jrt://C:/Program Files/Java/jdk-17.0.2!/java.smartcardio" type="simple" />
            <root url="jrt://C:/Program Files/Java/jdk-17.0.2!/java.sql" type="simple" />
            <root url="jrt://C:/Program Files/Java/jdk-17.0.2!/java.sql.rowset" type="simple" />
            <root url="jrt://C:/Program Files/Java/jdk-17.0.2!/java.transaction.xa" type="simple" />
            <root url="jrt://C:/Program Files/Java/jdk-17.0.2!/java.xml" type="simple" />
            <root url="jrt://C:/Program Files/Java/jdk-17.0.2!/java.xml.crypto" type="simple" />
            <root url="jrt://C:/Program Files/Java/jdk-17.0.2!/jdk.accessibility" type="simple" />
            <root url="jrt://C:/Program Files/Java/jdk-17.0.2!/jdk.attach" type="simple" />
            <root url="jrt://C:/Program Files/Java/jdk-17.0.2!/jdk.charsets" type="simple" />
            <root url="jrt://C:/Program Files/Java/jdk-17.0.2!/jdk.compiler" type="simple" />
            <root url="jrt://C:/Program Files/Java/jdk-17.0.2!/jdk.crypto.cryptoki" type="simple" />
            <root url="jrt://C:/Program Files/Java/jdk-17.0.2!/jdk.crypto.ec" type="simple" />
            <root url="jrt://C:/Program Files/Java/jdk-17.0.2!/jdk.crypto.mscapi" type="simple" />
            <root url="jrt://C:/Program Files/Java/jdk-17.0.2!/jdk.dynalink" type="simple" />
            <root url="jrt://C:/Program Files/Java/jdk-17.0.2!/jdk.editpad" type="simple" />
            <root url="jrt://C:/Program Files/Java/jdk-17.0.2!/jdk.hotspot.agent" type="simple" />
            <root url="jrt://C:/Program Files/Java/jdk-17.0.2!/jdk.httpserver" type="simple" />
            <root url="jrt://C:/Program Files/Java/jdk-17.0.2!/jdk.incubator.foreign" type="simple" />
            <root url="jrt://C:/Program Files/Java/jdk-17.0.2!/jdk.incubator.vector" type="simple" />
            <root url="jrt://C:/Program Files/Java/jdk-17.0.2!/jdk.internal.ed" type="simple" />
            <root url="jrt://C:/Program Files/Java/jdk-17.0.2!/jdk.internal.jvmstat" type="simple" />
            <root url="jrt://C:/Program Files/Java/jdk-17.0.2!/jdk.internal.le" type="simple" />
            <root url="jrt://C:/Program Files/Java/jdk-17.0.2!/jdk.internal.opt" type="simple" />
            <root url="jrt://C:/Program Files/Java/jdk-17.0.2!/jdk.internal.vm.ci" type="simple" />
            <root url="jrt://C:/Program Files/Java/jdk-17.0.2!/jdk.internal.vm.compiler" type="simple" />
            <root url="jrt://C:/Program Files/Java/jdk-17.0.2!/jdk.internal.vm.compiler.management" type="simple" />
            <root url="jrt://C:/Program Files/Java/jdk-17.0.2!/jdk.jartool" type="simple" />
            <root url="jrt://C:/Program Files/Java/jdk-17.0.2!/jdk.javadoc" type="simple" />
            <root url="jrt://C:/Program Files/Java/jdk-17.0.2!/jdk.jcmd" type="simple" />
            <root url="jrt://C:/Program Files/Java/jdk-17.0.2!/jdk.jconsole" type="simple" />
            <root url="jrt://C:/Program Files/Java/jdk-17.0.2!/jdk.jdeps" type="simple" />
            <root url="jrt://C:/Program Files/Java/jdk-17.0.2!/jdk.jdi" type="simple" />
            <root url="jrt://C:/Program Files/Java/jdk-17.0.2!/jdk.jdwp.agent" type="simple" />
            <root url="jrt://C:/Program Files/Java/jdk-17.0.2!/jdk.jfr" type="simple" />
            <root url="jrt://C:/Program Files/Java/jdk-17.0.2!/jdk.jlink" type="simple" />
            <root url="jrt://C:/Program Files/Java/jdk-17.0.2!/jdk.jpackage" type="simple" />
            <root url="jrt://C:/Program Files/Java/jdk-17.0.2!/jdk.jshell" type="simple" />
            <root url="jrt://C:/Program Files/Java/jdk-17.0.2!/jdk.jsobject" type="simple" />
            <root url="jrt://C:/Program Files/Java/jdk-17.0.2!/jdk.jstatd" type="simple" />
            <root url="jrt://C:/Program Files/Java/jdk-17.0.2!/jdk.localedata" type="simple" />
            <root url="jrt://C:/Program Files/Java/jdk-17.0.2!/jdk.management" type="simple" />
            <root url="jrt://C:/Program Files/Java/jdk-17.0.2!/jdk.management.agent" type="simple" />
            <root url="jrt://C:/Program Files/Java/jdk-17.0.2!/jdk.management.jfr" type="simple" />
            <root url="jrt://C:/Program Files/Java/jdk-17.0.2!/jdk.naming.dns" type="simple" />
            <root url="jrt://C:/Program Files/Java/jdk-17.0.2!/jdk.naming.rmi" type="simple" />
            <root url="jrt://C:/Program Files/Java/jdk-17.0.2!/jdk.net" type="simple" />
            <root url="jrt://C:/Program Files/Java/jdk-17.0.2!/jdk.nio.mapmode" type="simple" />
            <root url="jrt://C:/Program Files/Java/jdk-17.0.2!/jdk.random" type="simple" />
            <root url="jrt://C:/Program Files/Java/jdk-17.0.2!/jdk.sctp" type="simple" />
            <root url="jrt://C:/Program Files/Java/jdk-17.0.2!/jdk.security.auth" type="simple" />
            <root url="jrt://C:/Program Files/Java/jdk-17.0.2!/jdk.security.jgss" type="simple" />
            <root url="jrt://C:/Program Files/Java/jdk-17.0.2!/jdk.unsupported" type="simple" />
            <root url="jrt://C:/Program Files/Java/jdk-17.0.2!/jdk.unsupported.desktop" type="simple" />
            <root url="jrt://C:/Program Files/Java/jdk-17.0.2!/jdk.xml.dom" type="simple" />
            <root url="jrt://C:/Program Files/Java/jdk-17.0.2!/jdk.zipfs" type="simple" />
          </root>
        </classPath>
        <javadocPath>
          <root type="composite" />
        </javadocPath>
        <sourcePath>
          <root type="composite">
            <root url="jar://C:/Program Files/Java/jdk-17.0.2/lib/src.zip!/java.se" type="simple" />
            <root url="jar://C:/Program Files/Java/jdk-17.0.2/lib/src.zip!/jdk.jdi" type="simple" />
            <root url="jar://C:/Program Files/Java/jdk-17.0.2/lib/src.zip!/jdk.jfr" type="simple" />
            <root url="jar://C:/Program Files/Java/jdk-17.0.2/lib/src.zip!/jdk.net" type="simple" />
            <root url="jar://C:/Program Files/Java/jdk-17.0.2/lib/src.zip!/java.rmi" type="simple" />
            <root url="jar://C:/Program Files/Java/jdk-17.0.2/lib/src.zip!/java.sql" type="simple" />
            <root url="jar://C:/Program Files/Java/jdk-17.0.2/lib/src.zip!/java.xml" type="simple" />
            <root url="jar://C:/Program Files/Java/jdk-17.0.2/lib/src.zip!/jdk.jcmd" type="simple" />
            <root url="jar://C:/Program Files/Java/jdk-17.0.2/lib/src.zip!/jdk.sctp" type="simple" />
            <root url="jar://C:/Program Files/Java/jdk-17.0.2/lib/src.zip!/java.base" type="simple" />
            <root url="jar://C:/Program Files/Java/jdk-17.0.2/lib/src.zip!/jdk.jdeps" type="simple" />
            <root url="jar://C:/Program Files/Java/jdk-17.0.2/lib/src.zip!/jdk.jlink" type="simple" />
            <root url="jar://C:/Program Files/Java/jdk-17.0.2/lib/src.zip!/jdk.zipfs" type="simple" />
            <root url="jar://C:/Program Files/Java/jdk-17.0.2/lib/src.zip!/java.prefs" type="simple" />
            <root url="jar://C:/Program Files/Java/jdk-17.0.2/lib/src.zip!/jdk.attach" type="simple" />
            <root url="jar://C:/Program Files/Java/jdk-17.0.2/lib/src.zip!/jdk.jshell" type="simple" />
            <root url="jar://C:/Program Files/Java/jdk-17.0.2/lib/src.zip!/jdk.jstatd" type="simple" />
            <root url="jar://C:/Program Files/Java/jdk-17.0.2/lib/src.zip!/jdk.random" type="simple" />
            <root url="jar://C:/Program Files/Java/jdk-17.0.2/lib/src.zip!/java.naming" type="simple" />
            <root url="jar://C:/Program Files/Java/jdk-17.0.2/lib/src.zip!/jdk.editpad" type="simple" />
            <root url="jar://C:/Program Files/Java/jdk-17.0.2/lib/src.zip!/jdk.jartool" type="simple" />
            <root url="jar://C:/Program Files/Java/jdk-17.0.2/lib/src.zip!/jdk.javadoc" type="simple" />
            <root url="jar://C:/Program Files/Java/jdk-17.0.2/lib/src.zip!/jdk.xml.dom" type="simple" />
            <root url="jar://C:/Program Files/Java/jdk-17.0.2/lib/src.zip!/java.desktop" type="simple" />
            <root url="jar://C:/Program Files/Java/jdk-17.0.2/lib/src.zip!/java.logging" type="simple" />
            <root url="jar://C:/Program Files/Java/jdk-17.0.2/lib/src.zip!/jdk.charsets" type="simple" />
            <root url="jar://C:/Program Files/Java/jdk-17.0.2/lib/src.zip!/jdk.compiler" type="simple" />
            <root url="jar://C:/Program Files/Java/jdk-17.0.2/lib/src.zip!/jdk.dynalink" type="simple" />
            <root url="jar://C:/Program Files/Java/jdk-17.0.2/lib/src.zip!/jdk.jconsole" type="simple" />
            <root url="jar://C:/Program Files/Java/jdk-17.0.2/lib/src.zip!/jdk.jpackage" type="simple" />
            <root url="jar://C:/Program Files/Java/jdk-17.0.2/lib/src.zip!/jdk.jsobject" type="simple" />
            <root url="jar://C:/Program Files/Java/jdk-17.0.2/lib/src.zip!/java.compiler" type="simple" />
            <root url="jar://C:/Program Files/Java/jdk-17.0.2/lib/src.zip!/java.net.http" type="simple" />
            <root url="jar://C:/Program Files/Java/jdk-17.0.2/lib/src.zip!/jdk.crypto.ec" type="simple" />
            <root url="jar://C:/Program Files/Java/jdk-17.0.2/lib/src.zip!/java.scripting" type="simple" />
            <root url="jar://C:/Program Files/Java/jdk-17.0.2/lib/src.zip!/jdk.httpserver" type="simple" />
            <root url="jar://C:/Program Files/Java/jdk-17.0.2/lib/src.zip!/jdk.jdwp.agent" type="simple" />
            <root url="jar://C:/Program Files/Java/jdk-17.0.2/lib/src.zip!/jdk.localedata" type="simple" />
            <root url="jar://C:/Program Files/Java/jdk-17.0.2/lib/src.zip!/jdk.management" type="simple" />
            <root url="jar://C:/Program Files/Java/jdk-17.0.2/lib/src.zip!/jdk.naming.dns" type="simple" />
            <root url="jar://C:/Program Files/Java/jdk-17.0.2/lib/src.zip!/jdk.naming.rmi" type="simple" />
            <root url="jar://C:/Program Files/Java/jdk-17.0.2/lib/src.zip!/java.instrument" type="simple" />
            <root url="jar://C:/Program Files/Java/jdk-17.0.2/lib/src.zip!/java.management" type="simple" />
            <root url="jar://C:/Program Files/Java/jdk-17.0.2/lib/src.zip!/java.sql.rowset" type="simple" />
            <root url="jar://C:/Program Files/Java/jdk-17.0.2/lib/src.zip!/java.xml.crypto" type="simple" />
            <root url="jar://C:/Program Files/Java/jdk-17.0.2/lib/src.zip!/jdk.internal.ed" type="simple" />
            <root url="jar://C:/Program Files/Java/jdk-17.0.2/lib/src.zip!/jdk.internal.le" type="simple" />
            <root url="jar://C:/Program Files/Java/jdk-17.0.2/lib/src.zip!/jdk.nio.mapmode" type="simple" />
            <root url="jar://C:/Program Files/Java/jdk-17.0.2/lib/src.zip!/jdk.unsupported" type="simple" />
            <root url="jar://C:/Program Files/Java/jdk-17.0.2/lib/src.zip!/java.smartcardio" type="simple" />
            <root url="jar://C:/Program Files/Java/jdk-17.0.2/lib/src.zip!/jdk.internal.opt" type="simple" />
            <root url="jar://C:/Program Files/Java/jdk-17.0.2/lib/src.zip!/java.datatransfer" type="simple" />
            <root url="jar://C:/Program Files/Java/jdk-17.0.2/lib/src.zip!/jdk.accessibility" type="simple" />
            <root url="jar://C:/Program Files/Java/jdk-17.0.2/lib/src.zip!/jdk.crypto.mscapi" type="simple" />
            <root url="jar://C:/Program Files/Java/jdk-17.0.2/lib/src.zip!/jdk.hotspot.agent" type="simple" />
            <root url="jar://C:/Program Files/Java/jdk-17.0.2/lib/src.zip!/jdk.security.auth" type="simple" />
            <root url="jar://C:/Program Files/Java/jdk-17.0.2/lib/src.zip!/jdk.security.jgss" type="simple" />
            <root url="jar://C:/Program Files/Java/jdk-17.0.2/lib/src.zip!/java.security.jgss" type="simple" />
            <root url="jar://C:/Program Files/Java/jdk-17.0.2/lib/src.zip!/java.security.sasl" type="simple" />
            <root url="jar://C:/Program Files/Java/jdk-17.0.2/lib/src.zip!/jdk.internal.vm.ci" type="simple" />
            <root url="jar://C:/Program Files/Java/jdk-17.0.2/lib/src.zip!/jdk.management.jfr" type="simple" />
            <root url="jar://C:/Program Files/Java/jdk-17.0.2/lib/src.zip!/java.management.rmi" type="simple" />
            <root url="jar://C:/Program Files/Java/jdk-17.0.2/lib/src.zip!/java.transaction.xa" type="simple" />
            <root url="jar://C:/Program Files/Java/jdk-17.0.2/lib/src.zip!/jdk.crypto.cryptoki" type="simple" />
            <root url="jar://C:/Program Files/Java/jdk-17.0.2/lib/src.zip!/jdk.incubator.vector" type="simple" />
            <root url="jar://C:/Program Files/Java/jdk-17.0.2/lib/src.zip!/jdk.internal.jvmstat" type="simple" />
            <root url="jar://C:/Program Files/Java/jdk-17.0.2/lib/src.zip!/jdk.management.agent" type="simple" />
            <root url="jar://C:/Program Files/Java/jdk-17.0.2/lib/src.zip!/jdk.incubator.foreign" type="simple" />
            <root url="jar://C:/Program Files/Java/jdk-17.0.2/lib/src.zip!/jdk.unsupported.desktop" type="simple" />
            <root url="jar://C:/Program Files/Java/jdk-17.0.2/lib/src.zip!/jdk.internal.vm.compiler" type="simple" />
            <root url="jar://C:/Program Files/Java/jdk-17.0.2/lib/src.zip!/jdk.internal.vm.compiler.management" type="simple" />
          </root>
        </sourcePath>
      </roots>
      <additional />
    </jdk>
    <jdk version="2">
      <name value="1.8" />
      <type value="JavaSDK" />
      <version value="java version &quot;1.8.0_332&quot;" />
      <homePath value="$USER_HOME$/.jdks/corretto-1.8.0_332" />
      <roots>
        <annotationsPath>
          <root type="composite">
            <root url="jar://$APPLICATION_HOME_DIR$/plugins/java/lib/resources/jdkAnnotations.jar!/" type="simple" />
          </root>
        </annotationsPath>
        <classPath>
          <root type="composite">
            <root url="jar://$USER_HOME$/.jdks/corretto-1.8.0_332/jre/lib/charsets.jar!/" type="simple" />
            <root url="jar://$USER_HOME$/.jdks/corretto-1.8.0_332/jre/lib/ext/access-bridge-64.jar!/" type="simple" />
            <root url="jar://$USER_HOME$/.jdks/corretto-1.8.0_332/jre/lib/ext/cldrdata.jar!/" type="simple" />
            <root url="jar://$USER_HOME$/.jdks/corretto-1.8.0_332/jre/lib/ext/dnsns.jar!/" type="simple" />
            <root url="jar://$USER_HOME$/.jdks/corretto-1.8.0_332/jre/lib/ext/jaccess.jar!/" type="simple" />
            <root url="jar://$USER_HOME$/.jdks/corretto-1.8.0_332/jre/lib/ext/jfxrt.jar!/" type="simple" />
            <root url="jar://$USER_HOME$/.jdks/corretto-1.8.0_332/jre/lib/ext/localedata.jar!/" type="simple" />
            <root url="jar://$USER_HOME$/.jdks/corretto-1.8.0_332/jre/lib/ext/nashorn.jar!/" type="simple" />
            <root url="jar://$USER_HOME$/.jdks/corretto-1.8.0_332/jre/lib/ext/sunec.jar!/" type="simple" />
            <root url="jar://$USER_HOME$/.jdks/corretto-1.8.0_332/jre/lib/ext/sunjce_provider.jar!/" type="simple" />
            <root url="jar://$USER_HOME$/.jdks/corretto-1.8.0_332/jre/lib/ext/sunmscapi.jar!/" type="simple" />
            <root url="jar://$USER_HOME$/.jdks/corretto-1.8.0_332/jre/lib/ext/sunpkcs11.jar!/" type="simple" />
            <root url="jar://$USER_HOME$/.jdks/corretto-1.8.0_332/jre/lib/ext/zipfs.jar!/" type="simple" />
            <root url="jar://$USER_HOME$/.jdks/corretto-1.8.0_332/jre/lib/jce.jar!/" type="simple" />
            <root url="jar://$USER_HOME$/.jdks/corretto-1.8.0_332/jre/lib/jfr.jar!/" type="simple" />
            <root url="jar://$USER_HOME$/.jdks/corretto-1.8.0_332/jre/lib/jfxswt.jar!/" type="simple" />
            <root url="jar://$USER_HOME$/.jdks/corretto-1.8.0_332/jre/lib/jsse.jar!/" type="simple" />
            <root url="jar://$USER_HOME$/.jdks/corretto-1.8.0_332/jre/lib/management-agent.jar!/" type="simple" />
            <root url="jar://$USER_HOME$/.jdks/corretto-1.8.0_332/jre/lib/resources.jar!/" type="simple" />
            <root url="jar://$USER_HOME$/.jdks/corretto-1.8.0_332/jre/lib/rt.jar!/" type="simple" />
          </root>
        </classPath>
        <javadocPath>
          <root type="composite" />
        </javadocPath>
        <sourcePath>
          <root type="composite">
            <root url="jar://$USER_HOME$/.jdks/corretto-1.8.0_332/src.zip!/" type="simple" />
            <root url="jar://$USER_HOME$/.jdks/corretto-1.8.0_332/javafx-src.zip!/" type="simple" />
          </root>
        </sourcePath>
      </roots>
      <additional />
    </jdk>
    <jdk version="2">
      <name value="Kotlin SDK" />
      <type value="KotlinSDK" />
      <homePath value="" />
      <roots>
        <annotationsPath>
          <root type="composite" />
        </annotationsPath>
        <classPath>
          <root type="composite" />
        </classPath>
        <javadocPath>
          <root type="composite" />
        </javadocPath>
        <sourcePath>
          <root type="composite" />
        </sourcePath>
      </roots>
      <additional />
    </jdk>
    <jdk version="2">
      <name value="semeru-1.8" />
      <type value="JavaSDK" />
      <version value="java version &quot;1.8.0_332&quot;" />
      <homePath value="$USER_HOME$/.jdks/corretto-1.8.0_332" />
      <roots>
        <annotationsPath>
          <root type="composite">
            <root url="jar://$APPLICATION_HOME_DIR$/plugins/java/lib/resources/jdkAnnotations.jar!/" type="simple" />
          </root>
        </annotationsPath>
        <classPath>
          <root type="composite">
            <root url="jar://$USER_HOME$/.jdks/corretto-1.8.0_332/jre/lib/charsets.jar!/" type="simple" />
            <root url="jar://$USER_HOME$/.jdks/corretto-1.8.0_332/jre/lib/ext/access-bridge-64.jar!/" type="simple" />
            <root url="jar://$USER_HOME$/.jdks/corretto-1.8.0_332/jre/lib/ext/cldrdata.jar!/" type="simple" />
            <root url="jar://$USER_HOME$/.jdks/corretto-1.8.0_332/jre/lib/ext/dnsns.jar!/" type="simple" />
            <root url="jar://$USER_HOME$/.jdks/corretto-1.8.0_332/jre/lib/ext/jaccess.jar!/" type="simple" />
            <root url="jar://$USER_HOME$/.jdks/corretto-1.8.0_332/jre/lib/ext/jfxrt.jar!/" type="simple" />
            <root url="jar://$USER_HOME$/.jdks/corretto-1.8.0_332/jre/lib/ext/localedata.jar!/" type="simple" />
            <root url="jar://$USER_HOME$/.jdks/corretto-1.8.0_332/jre/lib/ext/nashorn.jar!/" type="simple" />
            <root url="jar://$USER_HOME$/.jdks/corretto-1.8.0_332/jre/lib/ext/sunec.jar!/" type="simple" />
            <root url="jar://$USER_HOME$/.jdks/corretto-1.8.0_332/jre/lib/ext/sunjce_provider.jar!/" type="simple" />
            <root url="jar://$USER_HOME$/.jdks/corretto-1.8.0_332/jre/lib/ext/sunmscapi.jar!/" type="simple" />
            <root url="jar://$USER_HOME$/.jdks/corretto-1.8.0_332/jre/lib/ext/sunpkcs11.jar!/" type="simple" />
            <root url="jar://$USER_HOME$/.jdks/corretto-1.8.0_332/jre/lib/ext/zipfs.jar!/" type="simple" />
            <root url="jar://$USER_HOME$/.jdks/corretto-1.8.0_332/jre/lib/jce.jar!/" type="simple" />
            <root url="jar://$USER_HOME$/.jdks/corretto-1.8.0_332/jre/lib/jfr.jar!/" type="simple" />
            <root url="jar://$USER_HOME$/.jdks/corretto-1.8.0_332/jre/lib/jfxswt.jar!/" type="simple" />
            <root url="jar://$USER_HOME$/.jdks/corretto-1.8.0_332/jre/lib/jsse.jar!/" type="simple" />
            <root url="jar://$USER_HOME$/.jdks/corretto-1.8.0_332/jre/lib/management-agent.jar!/" type="simple" />
            <root url="jar://$USER_HOME$/.jdks/corretto-1.8.0_332/jre/lib/resources.jar!/" type="simple" />
            <root url="jar://$USER_HOME$/.jdks/corretto-1.8.0_332/jre/lib/rt.jar!/" type="simple" />
          </root>
        </classPath>
        <javadocPath>
          <root type="composite" />
        </javadocPath>
        <sourcePath>
          <root type="composite">
            <root url="jar://$USER_HOME$/.jdks/corretto-1.8.0_332/src.zip!/" type="simple" />
            <root url="jar://$USER_HOME$/.jdks/corretto-1.8.0_332/javafx-src.zip!/" type="simple" />
          </root>
        </sourcePath>
      </roots>
      <additional />
    </jdk>
    <jdk version="2">
      <name value="1.7" />
      <type value="JavaSDK" />
      <version value="Amazon Corretto version 1.8.0_332" />
      <homePath value="$USER_HOME$/.jdks/corretto-1.8.0_332" />
      <roots>
        <annotationsPath>
          <root type="composite">
            <root url="jar://$APPLICATION_HOME_DIR$/plugins/java/lib/resources/jdkAnnotations.jar!/" type="simple" />
          </root>
        </annotationsPath>
        <classPath>
          <root type="composite">
            <root url="jar://$USER_HOME$/.jdks/corretto-1.8.0_332/jre/lib/charsets.jar!/" type="simple" />
            <root url="jar://$USER_HOME$/.jdks/corretto-1.8.0_332/jre/lib/ext/access-bridge-64.jar!/" type="simple" />
            <root url="jar://$USER_HOME$/.jdks/corretto-1.8.0_332/jre/lib/ext/cldrdata.jar!/" type="simple" />
            <root url="jar://$USER_HOME$/.jdks/corretto-1.8.0_332/jre/lib/ext/dnsns.jar!/" type="simple" />
            <root url="jar://$USER_HOME$/.jdks/corretto-1.8.0_332/jre/lib/ext/jaccess.jar!/" type="simple" />
            <root url="jar://$USER_HOME$/.jdks/corretto-1.8.0_332/jre/lib/ext/jfxrt.jar!/" type="simple" />
            <root url="jar://$USER_HOME$/.jdks/corretto-1.8.0_332/jre/lib/ext/localedata.jar!/" type="simple" />
            <root url="jar://$USER_HOME$/.jdks/corretto-1.8.0_332/jre/lib/ext/nashorn.jar!/" type="simple" />
            <root url="jar://$USER_HOME$/.jdks/corretto-1.8.0_332/jre/lib/ext/sunec.jar!/" type="simple" />
            <root url="jar://$USER_HOME$/.jdks/corretto-1.8.0_332/jre/lib/ext/sunjce_provider.jar!/" type="simple" />
            <root url="jar://$USER_HOME$/.jdks/corretto-1.8.0_332/jre/lib/ext/sunmscapi.jar!/" type="simple" />
            <root url="jar://$USER_HOME$/.jdks/corretto-1.8.0_332/jre/lib/ext/sunpkcs11.jar!/" type="simple" />
            <root url="jar://$USER_HOME$/.jdks/corretto-1.8.0_332/jre/lib/ext/zipfs.jar!/" type="simple" />
            <root url="jar://$USER_HOME$/.jdks/corretto-1.8.0_332/jre/lib/jce.jar!/" type="simple" />
            <root url="jar://$USER_HOME$/.jdks/corretto-1.8.0_332/jre/lib/jfr.jar!/" type="simple" />
            <root url="jar://$USER_HOME$/.jdks/corretto-1.8.0_332/jre/lib/jfxswt.jar!/" type="simple" />
            <root url="jar://$USER_HOME$/.jdks/corretto-1.8.0_332/jre/lib/jsse.jar!/" type="simple" />
            <root url="jar://$USER_HOME$/.jdks/corretto-1.8.0_332/jre/lib/management-agent.jar!/" type="simple" />
            <root url="jar://$USER_HOME$/.jdks/corretto-1.8.0_332/jre/lib/resources.jar!/" type="simple" />
            <root url="jar://$USER_HOME$/.jdks/corretto-1.8.0_332/jre/lib/rt.jar!/" type="simple" />
            <root url="jar://C:/Program Files (x86)/Java/jdk1.7.0_75/jre/lib/charsets.jar!/" type="simple" />
            <root url="jar://C:/Program Files (x86)/Java/jdk1.7.0_75/jre/lib/deploy.jar!/" type="simple" />
            <root url="jar://C:/Program Files (x86)/Java/jdk1.7.0_75/jre/lib/ext/access-bridge-32.jar!/" type="simple" />
            <root url="jar://C:/Program Files (x86)/Java/jdk1.7.0_75/jre/lib/ext/dnsns.jar!/" type="simple" />
            <root url="jar://C:/Program Files (x86)/Java/jdk1.7.0_75/jre/lib/ext/jaccess.jar!/" type="simple" />
            <root url="jar://C:/Program Files (x86)/Java/jdk1.7.0_75/jre/lib/ext/localedata.jar!/" type="simple" />
            <root url="jar://C:/Program Files (x86)/Java/jdk1.7.0_75/jre/lib/ext/sunec.jar!/" type="simple" />
            <root url="jar://C:/Program Files (x86)/Java/jdk1.7.0_75/jre/lib/ext/sunjce_provider.jar!/" type="simple" />
            <root url="jar://C:/Program Files (x86)/Java/jdk1.7.0_75/jre/lib/ext/sunmscapi.jar!/" type="simple" />
            <root url="jar://C:/Program Files (x86)/Java/jdk1.7.0_75/jre/lib/ext/sunpkcs11.jar!/" type="simple" />
            <root url="jar://C:/Program Files (x86)/Java/jdk1.7.0_75/jre/lib/ext/zipfs.jar!/" type="simple" />
            <root url="jar://C:/Program Files (x86)/Java/jdk1.7.0_75/jre/lib/javaws.jar!/" type="simple" />
            <root url="jar://C:/Program Files (x86)/Java/jdk1.7.0_75/jre/lib/jce.jar!/" type="simple" />
            <root url="jar://C:/Program Files (x86)/Java/jdk1.7.0_75/jre/lib/jfr.jar!/" type="simple" />
            <root url="jar://C:/Program Files (x86)/Java/jdk1.7.0_75/jre/lib/jfxrt.jar!/" type="simple" />
            <root url="jar://C:/Program Files (x86)/Java/jdk1.7.0_75/jre/lib/jsse.jar!/" type="simple" />
            <root url="jar://C:/Program Files (x86)/Java/jdk1.7.0_75/jre/lib/management-agent.jar!/" type="simple" />
            <root url="jar://C:/Program Files (x86)/Java/jdk1.7.0_75/jre/lib/plugin.jar!/" type="simple" />
            <root url="jar://C:/Program Files (x86)/Java/jdk1.7.0_75/jre/lib/resources.jar!/" type="simple" />
            <root url="jar://C:/Program Files (x86)/Java/jdk1.7.0_75/jre/lib/rt.jar!/" type="simple" />
          </root>
        </classPath>
        <javadocPath>
          <root type="composite" />
        </javadocPath>
        <sourcePath>
          <root type="composite">
            <root url="jar://C:/Program Files (x86)/Java/jdk1.7.0_75/src.zip!/" type="simple" />
            <root url="jar://$USER_HOME$/.jdks/corretto-1.8.0_332/src.zip!/" type="simple" />
            <root url="jar://$USER_HOME$/.jdks/corretto-1.8.0_332/javafx-src.zip!/" type="simple" />
          </root>
        </sourcePath>
      </roots>
      <additional />
    </jdk>
    <jdk version="2">
      <name value="openjdk-19" />
      <type value="JavaSDK" />
      <version value="Oracle OpenJDK version 19" />
      <homePath value="$USER_HOME$/.jdks/openjdk-19" />
      <roots>
        <annotationsPath>
          <root type="composite">
            <root url="jar://$APPLICATION_HOME_DIR$/plugins/java/lib/resources/jdkAnnotations.jar!/" type="simple" />
          </root>
        </annotationsPath>
        <classPath>
          <root type="composite">
            <root url="jrt://C:/Users/walker.dou/.jdks/openjdk-19!/java.base" type="simple" />
            <root url="jrt://C:/Users/walker.dou/.jdks/openjdk-19!/java.compiler" type="simple" />
            <root url="jrt://C:/Users/walker.dou/.jdks/openjdk-19!/java.datatransfer" type="simple" />
            <root url="jrt://C:/Users/walker.dou/.jdks/openjdk-19!/java.desktop" type="simple" />
            <root url="jrt://C:/Users/walker.dou/.jdks/openjdk-19!/java.instrument" type="simple" />
            <root url="jrt://C:/Users/walker.dou/.jdks/openjdk-19!/java.logging" type="simple" />
            <root url="jrt://C:/Users/walker.dou/.jdks/openjdk-19!/java.management" type="simple" />
            <root url="jrt://C:/Users/walker.dou/.jdks/openjdk-19!/java.management.rmi" type="simple" />
            <root url="jrt://C:/Users/walker.dou/.jdks/openjdk-19!/java.naming" type="simple" />
            <root url="jrt://C:/Users/walker.dou/.jdks/openjdk-19!/java.net.http" type="simple" />
            <root url="jrt://C:/Users/walker.dou/.jdks/openjdk-19!/java.prefs" type="simple" />
            <root url="jrt://C:/Users/walker.dou/.jdks/openjdk-19!/java.rmi" type="simple" />
            <root url="jrt://C:/Users/walker.dou/.jdks/openjdk-19!/java.scripting" type="simple" />
            <root url="jrt://C:/Users/walker.dou/.jdks/openjdk-19!/java.se" type="simple" />
            <root url="jrt://C:/Users/walker.dou/.jdks/openjdk-19!/java.security.jgss" type="simple" />
            <root url="jrt://C:/Users/walker.dou/.jdks/openjdk-19!/java.security.sasl" type="simple" />
            <root url="jrt://C:/Users/walker.dou/.jdks/openjdk-19!/java.smartcardio" type="simple" />
            <root url="jrt://C:/Users/walker.dou/.jdks/openjdk-19!/java.sql" type="simple" />
            <root url="jrt://C:/Users/walker.dou/.jdks/openjdk-19!/java.sql.rowset" type="simple" />
            <root url="jrt://C:/Users/walker.dou/.jdks/openjdk-19!/java.transaction.xa" type="simple" />
            <root url="jrt://C:/Users/walker.dou/.jdks/openjdk-19!/java.xml" type="simple" />
            <root url="jrt://C:/Users/walker.dou/.jdks/openjdk-19!/java.xml.crypto" type="simple" />
            <root url="jrt://C:/Users/walker.dou/.jdks/openjdk-19!/jdk.accessibility" type="simple" />
            <root url="jrt://C:/Users/walker.dou/.jdks/openjdk-19!/jdk.attach" type="simple" />
            <root url="jrt://C:/Users/walker.dou/.jdks/openjdk-19!/jdk.charsets" type="simple" />
            <root url="jrt://C:/Users/walker.dou/.jdks/openjdk-19!/jdk.compiler" type="simple" />
            <root url="jrt://C:/Users/walker.dou/.jdks/openjdk-19!/jdk.crypto.cryptoki" type="simple" />
            <root url="jrt://C:/Users/walker.dou/.jdks/openjdk-19!/jdk.crypto.ec" type="simple" />
            <root url="jrt://C:/Users/walker.dou/.jdks/openjdk-19!/jdk.crypto.mscapi" type="simple" />
            <root url="jrt://C:/Users/walker.dou/.jdks/openjdk-19!/jdk.dynalink" type="simple" />
            <root url="jrt://C:/Users/walker.dou/.jdks/openjdk-19!/jdk.editpad" type="simple" />
            <root url="jrt://C:/Users/walker.dou/.jdks/openjdk-19!/jdk.hotspot.agent" type="simple" />
            <root url="jrt://C:/Users/walker.dou/.jdks/openjdk-19!/jdk.httpserver" type="simple" />
            <root url="jrt://C:/Users/walker.dou/.jdks/openjdk-19!/jdk.incubator.concurrent" type="simple" />
            <root url="jrt://C:/Users/walker.dou/.jdks/openjdk-19!/jdk.incubator.vector" type="simple" />
            <root url="jrt://C:/Users/walker.dou/.jdks/openjdk-19!/jdk.internal.ed" type="simple" />
            <root url="jrt://C:/Users/walker.dou/.jdks/openjdk-19!/jdk.internal.jvmstat" type="simple" />
            <root url="jrt://C:/Users/walker.dou/.jdks/openjdk-19!/jdk.internal.le" type="simple" />
            <root url="jrt://C:/Users/walker.dou/.jdks/openjdk-19!/jdk.internal.opt" type="simple" />
            <root url="jrt://C:/Users/walker.dou/.jdks/openjdk-19!/jdk.internal.vm.ci" type="simple" />
            <root url="jrt://C:/Users/walker.dou/.jdks/openjdk-19!/jdk.internal.vm.compiler" type="simple" />
            <root url="jrt://C:/Users/walker.dou/.jdks/openjdk-19!/jdk.internal.vm.compiler.management" type="simple" />
            <root url="jrt://C:/Users/walker.dou/.jdks/openjdk-19!/jdk.jartool" type="simple" />
            <root url="jrt://C:/Users/walker.dou/.jdks/openjdk-19!/jdk.javadoc" type="simple" />
            <root url="jrt://C:/Users/walker.dou/.jdks/openjdk-19!/jdk.jcmd" type="simple" />
            <root url="jrt://C:/Users/walker.dou/.jdks/openjdk-19!/jdk.jconsole" type="simple" />
            <root url="jrt://C:/Users/walker.dou/.jdks/openjdk-19!/jdk.jdeps" type="simple" />
            <root url="jrt://C:/Users/walker.dou/.jdks/openjdk-19!/jdk.jdi" type="simple" />
            <root url="jrt://C:/Users/walker.dou/.jdks/openjdk-19!/jdk.jdwp.agent" type="simple" />
            <root url="jrt://C:/Users/walker.dou/.jdks/openjdk-19!/jdk.jfr" type="simple" />
            <root url="jrt://C:/Users/walker.dou/.jdks/openjdk-19!/jdk.jlink" type="simple" />
            <root url="jrt://C:/Users/walker.dou/.jdks/openjdk-19!/jdk.jpackage" type="simple" />
            <root url="jrt://C:/Users/walker.dou/.jdks/openjdk-19!/jdk.jshell" type="simple" />
            <root url="jrt://C:/Users/walker.dou/.jdks/openjdk-19!/jdk.jsobject" type="simple" />
            <root url="jrt://C:/Users/walker.dou/.jdks/openjdk-19!/jdk.jstatd" type="simple" />
            <root url="jrt://C:/Users/walker.dou/.jdks/openjdk-19!/jdk.localedata" type="simple" />
            <root url="jrt://C:/Users/walker.dou/.jdks/openjdk-19!/jdk.management" type="simple" />
            <root url="jrt://C:/Users/walker.dou/.jdks/openjdk-19!/jdk.management.agent" type="simple" />
            <root url="jrt://C:/Users/walker.dou/.jdks/openjdk-19!/jdk.management.jfr" type="simple" />
            <root url="jrt://C:/Users/walker.dou/.jdks/openjdk-19!/jdk.naming.dns" type="simple" />
            <root url="jrt://C:/Users/walker.dou/.jdks/openjdk-19!/jdk.naming.rmi" type="simple" />
            <root url="jrt://C:/Users/walker.dou/.jdks/openjdk-19!/jdk.net" type="simple" />
            <root url="jrt://C:/Users/walker.dou/.jdks/openjdk-19!/jdk.nio.mapmode" type="simple" />
            <root url="jrt://C:/Users/walker.dou/.jdks/openjdk-19!/jdk.random" type="simple" />
            <root url="jrt://C:/Users/walker.dou/.jdks/openjdk-19!/jdk.sctp" type="simple" />
            <root url="jrt://C:/Users/walker.dou/.jdks/openjdk-19!/jdk.security.auth" type="simple" />
            <root url="jrt://C:/Users/walker.dou/.jdks/openjdk-19!/jdk.security.jgss" type="simple" />
            <root url="jrt://C:/Users/walker.dou/.jdks/openjdk-19!/jdk.unsupported" type="simple" />
            <root url="jrt://C:/Users/walker.dou/.jdks/openjdk-19!/jdk.unsupported.desktop" type="simple" />
            <root url="jrt://C:/Users/walker.dou/.jdks/openjdk-19!/jdk.xml.dom" type="simple" />
            <root url="jrt://C:/Users/walker.dou/.jdks/openjdk-19!/jdk.zipfs" type="simple" />
          </root>
        </classPath>
        <javadocPath>
          <root type="composite" />
        </javadocPath>
        <sourcePath>
          <root type="composite">
            <root url="jar://$USER_HOME$/.jdks/openjdk-19/lib/src.zip!/java.se" type="simple" />
            <root url="jar://$USER_HOME$/.jdks/openjdk-19/lib/src.zip!/jdk.jdi" type="simple" />
            <root url="jar://$USER_HOME$/.jdks/openjdk-19/lib/src.zip!/jdk.jfr" type="simple" />
            <root url="jar://$USER_HOME$/.jdks/openjdk-19/lib/src.zip!/jdk.net" type="simple" />
            <root url="jar://$USER_HOME$/.jdks/openjdk-19/lib/src.zip!/java.rmi" type="simple" />
            <root url="jar://$USER_HOME$/.jdks/openjdk-19/lib/src.zip!/java.sql" type="simple" />
            <root url="jar://$USER_HOME$/.jdks/openjdk-19/lib/src.zip!/java.xml" type="simple" />
            <root url="jar://$USER_HOME$/.jdks/openjdk-19/lib/src.zip!/jdk.jcmd" type="simple" />
            <root url="jar://$USER_HOME$/.jdks/openjdk-19/lib/src.zip!/jdk.sctp" type="simple" />
            <root url="jar://$USER_HOME$/.jdks/openjdk-19/lib/src.zip!/java.base" type="simple" />
            <root url="jar://$USER_HOME$/.jdks/openjdk-19/lib/src.zip!/jdk.jdeps" type="simple" />
            <root url="jar://$USER_HOME$/.jdks/openjdk-19/lib/src.zip!/jdk.jlink" type="simple" />
            <root url="jar://$USER_HOME$/.jdks/openjdk-19/lib/src.zip!/jdk.zipfs" type="simple" />
            <root url="jar://$USER_HOME$/.jdks/openjdk-19/lib/src.zip!/java.prefs" type="simple" />
            <root url="jar://$USER_HOME$/.jdks/openjdk-19/lib/src.zip!/jdk.attach" type="simple" />
            <root url="jar://$USER_HOME$/.jdks/openjdk-19/lib/src.zip!/jdk.jshell" type="simple" />
            <root url="jar://$USER_HOME$/.jdks/openjdk-19/lib/src.zip!/jdk.jstatd" type="simple" />
            <root url="jar://$USER_HOME$/.jdks/openjdk-19/lib/src.zip!/jdk.random" type="simple" />
            <root url="jar://$USER_HOME$/.jdks/openjdk-19/lib/src.zip!/java.naming" type="simple" />
            <root url="jar://$USER_HOME$/.jdks/openjdk-19/lib/src.zip!/jdk.editpad" type="simple" />
            <root url="jar://$USER_HOME$/.jdks/openjdk-19/lib/src.zip!/jdk.jartool" type="simple" />
            <root url="jar://$USER_HOME$/.jdks/openjdk-19/lib/src.zip!/jdk.javadoc" type="simple" />
            <root url="jar://$USER_HOME$/.jdks/openjdk-19/lib/src.zip!/jdk.xml.dom" type="simple" />
            <root url="jar://$USER_HOME$/.jdks/openjdk-19/lib/src.zip!/java.desktop" type="simple" />
            <root url="jar://$USER_HOME$/.jdks/openjdk-19/lib/src.zip!/java.logging" type="simple" />
            <root url="jar://$USER_HOME$/.jdks/openjdk-19/lib/src.zip!/jdk.charsets" type="simple" />
            <root url="jar://$USER_HOME$/.jdks/openjdk-19/lib/src.zip!/jdk.compiler" type="simple" />
            <root url="jar://$USER_HOME$/.jdks/openjdk-19/lib/src.zip!/jdk.dynalink" type="simple" />
            <root url="jar://$USER_HOME$/.jdks/openjdk-19/lib/src.zip!/jdk.jconsole" type="simple" />
            <root url="jar://$USER_HOME$/.jdks/openjdk-19/lib/src.zip!/jdk.jpackage" type="simple" />
            <root url="jar://$USER_HOME$/.jdks/openjdk-19/lib/src.zip!/jdk.jsobject" type="simple" />
            <root url="jar://$USER_HOME$/.jdks/openjdk-19/lib/src.zip!/java.compiler" type="simple" />
            <root url="jar://$USER_HOME$/.jdks/openjdk-19/lib/src.zip!/java.net.http" type="simple" />
            <root url="jar://$USER_HOME$/.jdks/openjdk-19/lib/src.zip!/jdk.crypto.ec" type="simple" />
            <root url="jar://$USER_HOME$/.jdks/openjdk-19/lib/src.zip!/java.scripting" type="simple" />
            <root url="jar://$USER_HOME$/.jdks/openjdk-19/lib/src.zip!/jdk.httpserver" type="simple" />
            <root url="jar://$USER_HOME$/.jdks/openjdk-19/lib/src.zip!/jdk.jdwp.agent" type="simple" />
            <root url="jar://$USER_HOME$/.jdks/openjdk-19/lib/src.zip!/jdk.localedata" type="simple" />
            <root url="jar://$USER_HOME$/.jdks/openjdk-19/lib/src.zip!/jdk.management" type="simple" />
            <root url="jar://$USER_HOME$/.jdks/openjdk-19/lib/src.zip!/jdk.naming.dns" type="simple" />
            <root url="jar://$USER_HOME$/.jdks/openjdk-19/lib/src.zip!/jdk.naming.rmi" type="simple" />
            <root url="jar://$USER_HOME$/.jdks/openjdk-19/lib/src.zip!/java.instrument" type="simple" />
            <root url="jar://$USER_HOME$/.jdks/openjdk-19/lib/src.zip!/java.management" type="simple" />
            <root url="jar://$USER_HOME$/.jdks/openjdk-19/lib/src.zip!/java.sql.rowset" type="simple" />
            <root url="jar://$USER_HOME$/.jdks/openjdk-19/lib/src.zip!/java.xml.crypto" type="simple" />
            <root url="jar://$USER_HOME$/.jdks/openjdk-19/lib/src.zip!/jdk.internal.ed" type="simple" />
            <root url="jar://$USER_HOME$/.jdks/openjdk-19/lib/src.zip!/jdk.internal.le" type="simple" />
            <root url="jar://$USER_HOME$/.jdks/openjdk-19/lib/src.zip!/jdk.nio.mapmode" type="simple" />
            <root url="jar://$USER_HOME$/.jdks/openjdk-19/lib/src.zip!/jdk.unsupported" type="simple" />
            <root url="jar://$USER_HOME$/.jdks/openjdk-19/lib/src.zip!/java.smartcardio" type="simple" />
            <root url="jar://$USER_HOME$/.jdks/openjdk-19/lib/src.zip!/jdk.internal.opt" type="simple" />
            <root url="jar://$USER_HOME$/.jdks/openjdk-19/lib/src.zip!/java.datatransfer" type="simple" />
            <root url="jar://$USER_HOME$/.jdks/openjdk-19/lib/src.zip!/jdk.accessibility" type="simple" />
            <root url="jar://$USER_HOME$/.jdks/openjdk-19/lib/src.zip!/jdk.crypto.mscapi" type="simple" />
            <root url="jar://$USER_HOME$/.jdks/openjdk-19/lib/src.zip!/jdk.hotspot.agent" type="simple" />
            <root url="jar://$USER_HOME$/.jdks/openjdk-19/lib/src.zip!/jdk.security.auth" type="simple" />
            <root url="jar://$USER_HOME$/.jdks/openjdk-19/lib/src.zip!/jdk.security.jgss" type="simple" />
            <root url="jar://$USER_HOME$/.jdks/openjdk-19/lib/src.zip!/java.security.jgss" type="simple" />
            <root url="jar://$USER_HOME$/.jdks/openjdk-19/lib/src.zip!/java.security.sasl" type="simple" />
            <root url="jar://$USER_HOME$/.jdks/openjdk-19/lib/src.zip!/jdk.internal.vm.ci" type="simple" />
            <root url="jar://$USER_HOME$/.jdks/openjdk-19/lib/src.zip!/jdk.management.jfr" type="simple" />
            <root url="jar://$USER_HOME$/.jdks/openjdk-19/lib/src.zip!/java.management.rmi" type="simple" />
            <root url="jar://$USER_HOME$/.jdks/openjdk-19/lib/src.zip!/java.transaction.xa" type="simple" />
            <root url="jar://$USER_HOME$/.jdks/openjdk-19/lib/src.zip!/jdk.crypto.cryptoki" type="simple" />
            <root url="jar://$USER_HOME$/.jdks/openjdk-19/lib/src.zip!/jdk.incubator.vector" type="simple" />
            <root url="jar://$USER_HOME$/.jdks/openjdk-19/lib/src.zip!/jdk.internal.jvmstat" type="simple" />
            <root url="jar://$USER_HOME$/.jdks/openjdk-19/lib/src.zip!/jdk.management.agent" type="simple" />
            <root url="jar://$USER_HOME$/.jdks/openjdk-19/lib/src.zip!/jdk.unsupported.desktop" type="simple" />
            <root url="jar://$USER_HOME$/.jdks/openjdk-19/lib/src.zip!/jdk.incubator.concurrent" type="simple" />
            <root url="jar://$USER_HOME$/.jdks/openjdk-19/lib/src.zip!/jdk.internal.vm.compiler" type="simple" />
            <root url="jar://$USER_HOME$/.jdks/openjdk-19/lib/src.zip!/jdk.internal.vm.compiler.management" type="simple" />
          </root>
        </sourcePath>
      </roots>
      <additional />
    </jdk>
    <jdk version="2">
      <name value="corretto-11" />
      <type value="JavaSDK" />
      <version value="Amazon Corretto version 11.0.17" />
      <homePath value="$USER_HOME$/.jdks/corretto-11.0.17" />
      <roots>
        <annotationsPath>
          <root type="composite">
            <root url="jar://$APPLICATION_HOME_DIR$/plugins/java/lib/resources/jdkAnnotations.jar!/" type="simple" />
          </root>
        </annotationsPath>
        <classPath>
          <root type="composite">
            <root url="jrt://C:/Users/walker.dou/.jdks/corretto-11.0.17!/java.base" type="simple" />
            <root url="jrt://C:/Users/walker.dou/.jdks/corretto-11.0.17!/java.compiler" type="simple" />
            <root url="jrt://C:/Users/walker.dou/.jdks/corretto-11.0.17!/java.datatransfer" type="simple" />
            <root url="jrt://C:/Users/walker.dou/.jdks/corretto-11.0.17!/java.desktop" type="simple" />
            <root url="jrt://C:/Users/walker.dou/.jdks/corretto-11.0.17!/java.instrument" type="simple" />
            <root url="jrt://C:/Users/walker.dou/.jdks/corretto-11.0.17!/java.logging" type="simple" />
            <root url="jrt://C:/Users/walker.dou/.jdks/corretto-11.0.17!/java.management" type="simple" />
            <root url="jrt://C:/Users/walker.dou/.jdks/corretto-11.0.17!/java.management.rmi" type="simple" />
            <root url="jrt://C:/Users/walker.dou/.jdks/corretto-11.0.17!/java.naming" type="simple" />
            <root url="jrt://C:/Users/walker.dou/.jdks/corretto-11.0.17!/java.net.http" type="simple" />
            <root url="jrt://C:/Users/walker.dou/.jdks/corretto-11.0.17!/java.prefs" type="simple" />
            <root url="jrt://C:/Users/walker.dou/.jdks/corretto-11.0.17!/java.rmi" type="simple" />
            <root url="jrt://C:/Users/walker.dou/.jdks/corretto-11.0.17!/java.scripting" type="simple" />
            <root url="jrt://C:/Users/walker.dou/.jdks/corretto-11.0.17!/java.se" type="simple" />
            <root url="jrt://C:/Users/walker.dou/.jdks/corretto-11.0.17!/java.security.jgss" type="simple" />
            <root url="jrt://C:/Users/walker.dou/.jdks/corretto-11.0.17!/java.security.sasl" type="simple" />
            <root url="jrt://C:/Users/walker.dou/.jdks/corretto-11.0.17!/java.smartcardio" type="simple" />
            <root url="jrt://C:/Users/walker.dou/.jdks/corretto-11.0.17!/java.sql" type="simple" />
            <root url="jrt://C:/Users/walker.dou/.jdks/corretto-11.0.17!/java.sql.rowset" type="simple" />
            <root url="jrt://C:/Users/walker.dou/.jdks/corretto-11.0.17!/java.transaction.xa" type="simple" />
            <root url="jrt://C:/Users/walker.dou/.jdks/corretto-11.0.17!/java.xml" type="simple" />
            <root url="jrt://C:/Users/walker.dou/.jdks/corretto-11.0.17!/java.xml.crypto" type="simple" />
            <root url="jrt://C:/Users/walker.dou/.jdks/corretto-11.0.17!/jdk.accessibility" type="simple" />
            <root url="jrt://C:/Users/walker.dou/.jdks/corretto-11.0.17!/jdk.aot" type="simple" />
            <root url="jrt://C:/Users/walker.dou/.jdks/corretto-11.0.17!/jdk.attach" type="simple" />
            <root url="jrt://C:/Users/walker.dou/.jdks/corretto-11.0.17!/jdk.charsets" type="simple" />
            <root url="jrt://C:/Users/walker.dou/.jdks/corretto-11.0.17!/jdk.compiler" type="simple" />
            <root url="jrt://C:/Users/walker.dou/.jdks/corretto-11.0.17!/jdk.crypto.cryptoki" type="simple" />
            <root url="jrt://C:/Users/walker.dou/.jdks/corretto-11.0.17!/jdk.crypto.ec" type="simple" />
            <root url="jrt://C:/Users/walker.dou/.jdks/corretto-11.0.17!/jdk.crypto.mscapi" type="simple" />
            <root url="jrt://C:/Users/walker.dou/.jdks/corretto-11.0.17!/jdk.dynalink" type="simple" />
            <root url="jrt://C:/Users/walker.dou/.jdks/corretto-11.0.17!/jdk.editpad" type="simple" />
            <root url="jrt://C:/Users/walker.dou/.jdks/corretto-11.0.17!/jdk.hotspot.agent" type="simple" />
            <root url="jrt://C:/Users/walker.dou/.jdks/corretto-11.0.17!/jdk.httpserver" type="simple" />
            <root url="jrt://C:/Users/walker.dou/.jdks/corretto-11.0.17!/jdk.internal.ed" type="simple" />
            <root url="jrt://C:/Users/walker.dou/.jdks/corretto-11.0.17!/jdk.internal.jvmstat" type="simple" />
            <root url="jrt://C:/Users/walker.dou/.jdks/corretto-11.0.17!/jdk.internal.le" type="simple" />
            <root url="jrt://C:/Users/walker.dou/.jdks/corretto-11.0.17!/jdk.internal.opt" type="simple" />
            <root url="jrt://C:/Users/walker.dou/.jdks/corretto-11.0.17!/jdk.internal.vm.ci" type="simple" />
            <root url="jrt://C:/Users/walker.dou/.jdks/corretto-11.0.17!/jdk.internal.vm.compiler" type="simple" />
            <root url="jrt://C:/Users/walker.dou/.jdks/corretto-11.0.17!/jdk.internal.vm.compiler.management" type="simple" />
            <root url="jrt://C:/Users/walker.dou/.jdks/corretto-11.0.17!/jdk.jartool" type="simple" />
            <root url="jrt://C:/Users/walker.dou/.jdks/corretto-11.0.17!/jdk.javadoc" type="simple" />
            <root url="jrt://C:/Users/walker.dou/.jdks/corretto-11.0.17!/jdk.jcmd" type="simple" />
            <root url="jrt://C:/Users/walker.dou/.jdks/corretto-11.0.17!/jdk.jconsole" type="simple" />
            <root url="jrt://C:/Users/walker.dou/.jdks/corretto-11.0.17!/jdk.jdeps" type="simple" />
            <root url="jrt://C:/Users/walker.dou/.jdks/corretto-11.0.17!/jdk.jdi" type="simple" />
            <root url="jrt://C:/Users/walker.dou/.jdks/corretto-11.0.17!/jdk.jdwp.agent" type="simple" />
            <root url="jrt://C:/Users/walker.dou/.jdks/corretto-11.0.17!/jdk.jfr" type="simple" />
            <root url="jrt://C:/Users/walker.dou/.jdks/corretto-11.0.17!/jdk.jlink" type="simple" />
            <root url="jrt://C:/Users/walker.dou/.jdks/corretto-11.0.17!/jdk.jshell" type="simple" />
            <root url="jrt://C:/Users/walker.dou/.jdks/corretto-11.0.17!/jdk.jsobject" type="simple" />
            <root url="jrt://C:/Users/walker.dou/.jdks/corretto-11.0.17!/jdk.jstatd" type="simple" />
            <root url="jrt://C:/Users/walker.dou/.jdks/corretto-11.0.17!/jdk.localedata" type="simple" />
            <root url="jrt://C:/Users/walker.dou/.jdks/corretto-11.0.17!/jdk.management" type="simple" />
            <root url="jrt://C:/Users/walker.dou/.jdks/corretto-11.0.17!/jdk.management.agent" type="simple" />
            <root url="jrt://C:/Users/walker.dou/.jdks/corretto-11.0.17!/jdk.management.jfr" type="simple" />
            <root url="jrt://C:/Users/walker.dou/.jdks/corretto-11.0.17!/jdk.naming.dns" type="simple" />
            <root url="jrt://C:/Users/walker.dou/.jdks/corretto-11.0.17!/jdk.naming.ldap" type="simple" />
            <root url="jrt://C:/Users/walker.dou/.jdks/corretto-11.0.17!/jdk.naming.rmi" type="simple" />
            <root url="jrt://C:/Users/walker.dou/.jdks/corretto-11.0.17!/jdk.net" type="simple" />
            <root url="jrt://C:/Users/walker.dou/.jdks/corretto-11.0.17!/jdk.pack" type="simple" />
            <root url="jrt://C:/Users/walker.dou/.jdks/corretto-11.0.17!/jdk.rmic" type="simple" />
            <root url="jrt://C:/Users/walker.dou/.jdks/corretto-11.0.17!/jdk.scripting.nashorn" type="simple" />
            <root url="jrt://C:/Users/walker.dou/.jdks/corretto-11.0.17!/jdk.scripting.nashorn.shell" type="simple" />
            <root url="jrt://C:/Users/walker.dou/.jdks/corretto-11.0.17!/jdk.sctp" type="simple" />
            <root url="jrt://C:/Users/walker.dou/.jdks/corretto-11.0.17!/jdk.security.auth" type="simple" />
            <root url="jrt://C:/Users/walker.dou/.jdks/corretto-11.0.17!/jdk.security.jgss" type="simple" />
            <root url="jrt://C:/Users/walker.dou/.jdks/corretto-11.0.17!/jdk.unsupported" type="simple" />
            <root url="jrt://C:/Users/walker.dou/.jdks/corretto-11.0.17!/jdk.unsupported.desktop" type="simple" />
            <root url="jrt://C:/Users/walker.dou/.jdks/corretto-11.0.17!/jdk.xml.dom" type="simple" />
            <root url="jrt://C:/Users/walker.dou/.jdks/corretto-11.0.17!/jdk.zipfs" type="simple" />
          </root>
        </classPath>
        <javadocPath>
          <root type="composite" />
        </javadocPath>
        <sourcePath>
          <root type="composite">
            <root url="jar://$USER_HOME$/.jdks/corretto-11.0.17/lib/src.zip!/java.se" type="simple" />
            <root url="jar://$USER_HOME$/.jdks/corretto-11.0.17/lib/src.zip!/jdk.aot" type="simple" />
            <root url="jar://$USER_HOME$/.jdks/corretto-11.0.17/lib/src.zip!/jdk.jdi" type="simple" />
            <root url="jar://$USER_HOME$/.jdks/corretto-11.0.17/lib/src.zip!/jdk.jfr" type="simple" />
            <root url="jar://$USER_HOME$/.jdks/corretto-11.0.17/lib/src.zip!/jdk.net" type="simple" />
            <root url="jar://$USER_HOME$/.jdks/corretto-11.0.17/lib/src.zip!/java.rmi" type="simple" />
            <root url="jar://$USER_HOME$/.jdks/corretto-11.0.17/lib/src.zip!/java.sql" type="simple" />
            <root url="jar://$USER_HOME$/.jdks/corretto-11.0.17/lib/src.zip!/java.xml" type="simple" />
            <root url="jar://$USER_HOME$/.jdks/corretto-11.0.17/lib/src.zip!/jdk.jcmd" type="simple" />
            <root url="jar://$USER_HOME$/.jdks/corretto-11.0.17/lib/src.zip!/jdk.pack" type="simple" />
            <root url="jar://$USER_HOME$/.jdks/corretto-11.0.17/lib/src.zip!/jdk.rmic" type="simple" />
            <root url="jar://$USER_HOME$/.jdks/corretto-11.0.17/lib/src.zip!/jdk.sctp" type="simple" />
            <root url="jar://$USER_HOME$/.jdks/corretto-11.0.17/lib/src.zip!/java.base" type="simple" />
            <root url="jar://$USER_HOME$/.jdks/corretto-11.0.17/lib/src.zip!/jdk.jdeps" type="simple" />
            <root url="jar://$USER_HOME$/.jdks/corretto-11.0.17/lib/src.zip!/jdk.jlink" type="simple" />
            <root url="jar://$USER_HOME$/.jdks/corretto-11.0.17/lib/src.zip!/jdk.zipfs" type="simple" />
            <root url="jar://$USER_HOME$/.jdks/corretto-11.0.17/lib/src.zip!/java.prefs" type="simple" />
            <root url="jar://$USER_HOME$/.jdks/corretto-11.0.17/lib/src.zip!/jdk.attach" type="simple" />
            <root url="jar://$USER_HOME$/.jdks/corretto-11.0.17/lib/src.zip!/jdk.jshell" type="simple" />
            <root url="jar://$USER_HOME$/.jdks/corretto-11.0.17/lib/src.zip!/jdk.jstatd" type="simple" />
            <root url="jar://$USER_HOME$/.jdks/corretto-11.0.17/lib/src.zip!/java.naming" type="simple" />
            <root url="jar://$USER_HOME$/.jdks/corretto-11.0.17/lib/src.zip!/jdk.editpad" type="simple" />
            <root url="jar://$USER_HOME$/.jdks/corretto-11.0.17/lib/src.zip!/jdk.jartool" type="simple" />
            <root url="jar://$USER_HOME$/.jdks/corretto-11.0.17/lib/src.zip!/jdk.javadoc" type="simple" />
            <root url="jar://$USER_HOME$/.jdks/corretto-11.0.17/lib/src.zip!/jdk.xml.dom" type="simple" />
            <root url="jar://$USER_HOME$/.jdks/corretto-11.0.17/lib/src.zip!/java.desktop" type="simple" />
            <root url="jar://$USER_HOME$/.jdks/corretto-11.0.17/lib/src.zip!/java.logging" type="simple" />
            <root url="jar://$USER_HOME$/.jdks/corretto-11.0.17/lib/src.zip!/jdk.charsets" type="simple" />
            <root url="jar://$USER_HOME$/.jdks/corretto-11.0.17/lib/src.zip!/jdk.compiler" type="simple" />
            <root url="jar://$USER_HOME$/.jdks/corretto-11.0.17/lib/src.zip!/jdk.dynalink" type="simple" />
            <root url="jar://$USER_HOME$/.jdks/corretto-11.0.17/lib/src.zip!/jdk.jconsole" type="simple" />
            <root url="jar://$USER_HOME$/.jdks/corretto-11.0.17/lib/src.zip!/jdk.jsobject" type="simple" />
            <root url="jar://$USER_HOME$/.jdks/corretto-11.0.17/lib/src.zip!/java.compiler" type="simple" />
            <root url="jar://$USER_HOME$/.jdks/corretto-11.0.17/lib/src.zip!/java.net.http" type="simple" />
            <root url="jar://$USER_HOME$/.jdks/corretto-11.0.17/lib/src.zip!/jdk.crypto.ec" type="simple" />
            <root url="jar://$USER_HOME$/.jdks/corretto-11.0.17/lib/src.zip!/java.scripting" type="simple" />
            <root url="jar://$USER_HOME$/.jdks/corretto-11.0.17/lib/src.zip!/jdk.httpserver" type="simple" />
            <root url="jar://$USER_HOME$/.jdks/corretto-11.0.17/lib/src.zip!/jdk.jdwp.agent" type="simple" />
            <root url="jar://$USER_HOME$/.jdks/corretto-11.0.17/lib/src.zip!/jdk.localedata" type="simple" />
            <root url="jar://$USER_HOME$/.jdks/corretto-11.0.17/lib/src.zip!/jdk.management" type="simple" />
            <root url="jar://$USER_HOME$/.jdks/corretto-11.0.17/lib/src.zip!/jdk.naming.dns" type="simple" />
            <root url="jar://$USER_HOME$/.jdks/corretto-11.0.17/lib/src.zip!/jdk.naming.rmi" type="simple" />
            <root url="jar://$USER_HOME$/.jdks/corretto-11.0.17/lib/src.zip!/java.instrument" type="simple" />
            <root url="jar://$USER_HOME$/.jdks/corretto-11.0.17/lib/src.zip!/java.management" type="simple" />
            <root url="jar://$USER_HOME$/.jdks/corretto-11.0.17/lib/src.zip!/java.sql.rowset" type="simple" />
            <root url="jar://$USER_HOME$/.jdks/corretto-11.0.17/lib/src.zip!/java.xml.crypto" type="simple" />
            <root url="jar://$USER_HOME$/.jdks/corretto-11.0.17/lib/src.zip!/jdk.internal.ed" type="simple" />
            <root url="jar://$USER_HOME$/.jdks/corretto-11.0.17/lib/src.zip!/jdk.internal.le" type="simple" />
            <root url="jar://$USER_HOME$/.jdks/corretto-11.0.17/lib/src.zip!/jdk.naming.ldap" type="simple" />
            <root url="jar://$USER_HOME$/.jdks/corretto-11.0.17/lib/src.zip!/jdk.unsupported" type="simple" />
            <root url="jar://$USER_HOME$/.jdks/corretto-11.0.17/lib/src.zip!/java.smartcardio" type="simple" />
            <root url="jar://$USER_HOME$/.jdks/corretto-11.0.17/lib/src.zip!/jdk.internal.opt" type="simple" />
            <root url="jar://$USER_HOME$/.jdks/corretto-11.0.17/lib/src.zip!/java.datatransfer" type="simple" />
            <root url="jar://$USER_HOME$/.jdks/corretto-11.0.17/lib/src.zip!/jdk.accessibility" type="simple" />
            <root url="jar://$USER_HOME$/.jdks/corretto-11.0.17/lib/src.zip!/jdk.crypto.mscapi" type="simple" />
            <root url="jar://$USER_HOME$/.jdks/corretto-11.0.17/lib/src.zip!/jdk.hotspot.agent" type="simple" />
            <root url="jar://$USER_HOME$/.jdks/corretto-11.0.17/lib/src.zip!/jdk.security.auth" type="simple" />
            <root url="jar://$USER_HOME$/.jdks/corretto-11.0.17/lib/src.zip!/jdk.security.jgss" type="simple" />
            <root url="jar://$USER_HOME$/.jdks/corretto-11.0.17/lib/src.zip!/java.security.jgss" type="simple" />
            <root url="jar://$USER_HOME$/.jdks/corretto-11.0.17/lib/src.zip!/java.security.sasl" type="simple" />
            <root url="jar://$USER_HOME$/.jdks/corretto-11.0.17/lib/src.zip!/jdk.internal.vm.ci" type="simple" />
            <root url="jar://$USER_HOME$/.jdks/corretto-11.0.17/lib/src.zip!/jdk.management.jfr" type="simple" />
            <root url="jar://$USER_HOME$/.jdks/corretto-11.0.17/lib/src.zip!/java.management.rmi" type="simple" />
            <root url="jar://$USER_HOME$/.jdks/corretto-11.0.17/lib/src.zip!/java.transaction.xa" type="simple" />
            <root url="jar://$USER_HOME$/.jdks/corretto-11.0.17/lib/src.zip!/jdk.crypto.cryptoki" type="simple" />
            <root url="jar://$USER_HOME$/.jdks/corretto-11.0.17/lib/src.zip!/jdk.internal.jvmstat" type="simple" />
            <root url="jar://$USER_HOME$/.jdks/corretto-11.0.17/lib/src.zip!/jdk.management.agent" type="simple" />
            <root url="jar://$USER_HOME$/.jdks/corretto-11.0.17/lib/src.zip!/jdk.scripting.nashorn" type="simple" />
            <root url="jar://$USER_HOME$/.jdks/corretto-11.0.17/lib/src.zip!/jdk.unsupported.desktop" type="simple" />
            <root url="jar://$USER_HOME$/.jdks/corretto-11.0.17/lib/src.zip!/jdk.internal.vm.compiler" type="simple" />
            <root url="jar://$USER_HOME$/.jdks/corretto-11.0.17/lib/src.zip!/jdk.scripting.nashorn.shell" type="simple" />
            <root url="jar://$USER_HOME$/.jdks/corretto-11.0.17/lib/src.zip!/jdk.internal.vm.compiler.management" type="simple" />
          </root>
        </sourcePath>
      </roots>
      <additional />
    </jdk>
    <jdk version="2">
      <name value="corretto-17" />
      <type value="JavaSDK" />
      <version value="Amazon Corretto version 17.0.9" />
      <homePath value="C:\Users\walker.dou\.jdks\corretto-17.0.9" />
      <roots>
        <annotationsPath>
          <root type="composite">
            <root url="jar://$APPLICATION_HOME_DIR$/plugins/java/lib/resources/jdkAnnotations.jar!/" type="simple" />
          </root>
        </annotationsPath>
        <classPath>
          <root type="composite">
            <root url="jrt://C:/Users/walker.dou/.jdks/corretto-17.0.9!/java.base" type="simple" />
            <root url="jrt://C:/Users/walker.dou/.jdks/corretto-17.0.9!/java.compiler" type="simple" />
            <root url="jrt://C:/Users/walker.dou/.jdks/corretto-17.0.9!/java.datatransfer" type="simple" />
            <root url="jrt://C:/Users/walker.dou/.jdks/corretto-17.0.9!/java.desktop" type="simple" />
            <root url="jrt://C:/Users/walker.dou/.jdks/corretto-17.0.9!/java.instrument" type="simple" />
            <root url="jrt://C:/Users/walker.dou/.jdks/corretto-17.0.9!/java.logging" type="simple" />
            <root url="jrt://C:/Users/walker.dou/.jdks/corretto-17.0.9!/java.management" type="simple" />
            <root url="jrt://C:/Users/walker.dou/.jdks/corretto-17.0.9!/java.management.rmi" type="simple" />
            <root url="jrt://C:/Users/walker.dou/.jdks/corretto-17.0.9!/java.naming" type="simple" />
            <root url="jrt://C:/Users/walker.dou/.jdks/corretto-17.0.9!/java.net.http" type="simple" />
            <root url="jrt://C:/Users/walker.dou/.jdks/corretto-17.0.9!/java.prefs" type="simple" />
            <root url="jrt://C:/Users/walker.dou/.jdks/corretto-17.0.9!/java.rmi" type="simple" />
            <root url="jrt://C:/Users/walker.dou/.jdks/corretto-17.0.9!/java.scripting" type="simple" />
            <root url="jrt://C:/Users/walker.dou/.jdks/corretto-17.0.9!/java.se" type="simple" />
            <root url="jrt://C:/Users/walker.dou/.jdks/corretto-17.0.9!/java.security.jgss" type="simple" />
            <root url="jrt://C:/Users/walker.dou/.jdks/corretto-17.0.9!/java.security.sasl" type="simple" />
            <root url="jrt://C:/Users/walker.dou/.jdks/corretto-17.0.9!/java.smartcardio" type="simple" />
            <root url="jrt://C:/Users/walker.dou/.jdks/corretto-17.0.9!/java.sql" type="simple" />
            <root url="jrt://C:/Users/walker.dou/.jdks/corretto-17.0.9!/java.sql.rowset" type="simple" />
            <root url="jrt://C:/Users/walker.dou/.jdks/corretto-17.0.9!/java.transaction.xa" type="simple" />
            <root url="jrt://C:/Users/walker.dou/.jdks/corretto-17.0.9!/java.xml" type="simple" />
            <root url="jrt://C:/Users/walker.dou/.jdks/corretto-17.0.9!/java.xml.crypto" type="simple" />
            <root url="jrt://C:/Users/walker.dou/.jdks/corretto-17.0.9!/jdk.accessibility" type="simple" />
            <root url="jrt://C:/Users/walker.dou/.jdks/corretto-17.0.9!/jdk.attach" type="simple" />
            <root url="jrt://C:/Users/walker.dou/.jdks/corretto-17.0.9!/jdk.charsets" type="simple" />
            <root url="jrt://C:/Users/walker.dou/.jdks/corretto-17.0.9!/jdk.compiler" type="simple" />
            <root url="jrt://C:/Users/walker.dou/.jdks/corretto-17.0.9!/jdk.crypto.cryptoki" type="simple" />
            <root url="jrt://C:/Users/walker.dou/.jdks/corretto-17.0.9!/jdk.crypto.ec" type="simple" />
            <root url="jrt://C:/Users/walker.dou/.jdks/corretto-17.0.9!/jdk.crypto.mscapi" type="simple" />
            <root url="jrt://C:/Users/walker.dou/.jdks/corretto-17.0.9!/jdk.dynalink" type="simple" />
            <root url="jrt://C:/Users/walker.dou/.jdks/corretto-17.0.9!/jdk.editpad" type="simple" />
            <root url="jrt://C:/Users/walker.dou/.jdks/corretto-17.0.9!/jdk.hotspot.agent" type="simple" />
            <root url="jrt://C:/Users/walker.dou/.jdks/corretto-17.0.9!/jdk.httpserver" type="simple" />
            <root url="jrt://C:/Users/walker.dou/.jdks/corretto-17.0.9!/jdk.incubator.foreign" type="simple" />
            <root url="jrt://C:/Users/walker.dou/.jdks/corretto-17.0.9!/jdk.incubator.vector" type="simple" />
            <root url="jrt://C:/Users/walker.dou/.jdks/corretto-17.0.9!/jdk.internal.ed" type="simple" />
            <root url="jrt://C:/Users/walker.dou/.jdks/corretto-17.0.9!/jdk.internal.jvmstat" type="simple" />
            <root url="jrt://C:/Users/walker.dou/.jdks/corretto-17.0.9!/jdk.internal.le" type="simple" />
            <root url="jrt://C:/Users/walker.dou/.jdks/corretto-17.0.9!/jdk.internal.opt" type="simple" />
            <root url="jrt://C:/Users/walker.dou/.jdks/corretto-17.0.9!/jdk.internal.vm.ci" type="simple" />
            <root url="jrt://C:/Users/walker.dou/.jdks/corretto-17.0.9!/jdk.internal.vm.compiler" type="simple" />
            <root url="jrt://C:/Users/walker.dou/.jdks/corretto-17.0.9!/jdk.internal.vm.compiler.management" type="simple" />
            <root url="jrt://C:/Users/walker.dou/.jdks/corretto-17.0.9!/jdk.jartool" type="simple" />
            <root url="jrt://C:/Users/walker.dou/.jdks/corretto-17.0.9!/jdk.javadoc" type="simple" />
            <root url="jrt://C:/Users/walker.dou/.jdks/corretto-17.0.9!/jdk.jcmd" type="simple" />
            <root url="jrt://C:/Users/walker.dou/.jdks/corretto-17.0.9!/jdk.jconsole" type="simple" />
            <root url="jrt://C:/Users/walker.dou/.jdks/corretto-17.0.9!/jdk.jdeps" type="simple" />
            <root url="jrt://C:/Users/walker.dou/.jdks/corretto-17.0.9!/jdk.jdi" type="simple" />
            <root url="jrt://C:/Users/walker.dou/.jdks/corretto-17.0.9!/jdk.jdwp.agent" type="simple" />
            <root url="jrt://C:/Users/walker.dou/.jdks/corretto-17.0.9!/jdk.jfr" type="simple" />
            <root url="jrt://C:/Users/walker.dou/.jdks/corretto-17.0.9!/jdk.jlink" type="simple" />
            <root url="jrt://C:/Users/walker.dou/.jdks/corretto-17.0.9!/jdk.jpackage" type="simple" />
            <root url="jrt://C:/Users/walker.dou/.jdks/corretto-17.0.9!/jdk.jshell" type="simple" />
            <root url="jrt://C:/Users/walker.dou/.jdks/corretto-17.0.9!/jdk.jsobject" type="simple" />
            <root url="jrt://C:/Users/walker.dou/.jdks/corretto-17.0.9!/jdk.jstatd" type="simple" />
            <root url="jrt://C:/Users/walker.dou/.jdks/corretto-17.0.9!/jdk.localedata" type="simple" />
            <root url="jrt://C:/Users/walker.dou/.jdks/corretto-17.0.9!/jdk.management" type="simple" />
            <root url="jrt://C:/Users/walker.dou/.jdks/corretto-17.0.9!/jdk.management.agent" type="simple" />
            <root url="jrt://C:/Users/walker.dou/.jdks/corretto-17.0.9!/jdk.management.jfr" type="simple" />
            <root url="jrt://C:/Users/walker.dou/.jdks/corretto-17.0.9!/jdk.naming.dns" type="simple" />
            <root url="jrt://C:/Users/walker.dou/.jdks/corretto-17.0.9!/jdk.naming.rmi" type="simple" />
            <root url="jrt://C:/Users/walker.dou/.jdks/corretto-17.0.9!/jdk.net" type="simple" />
            <root url="jrt://C:/Users/walker.dou/.jdks/corretto-17.0.9!/jdk.nio.mapmode" type="simple" />
            <root url="jrt://C:/Users/walker.dou/.jdks/corretto-17.0.9!/jdk.random" type="simple" />
            <root url="jrt://C:/Users/walker.dou/.jdks/corretto-17.0.9!/jdk.sctp" type="simple" />
            <root url="jrt://C:/Users/walker.dou/.jdks/corretto-17.0.9!/jdk.security.auth" type="simple" />
            <root url="jrt://C:/Users/walker.dou/.jdks/corretto-17.0.9!/jdk.security.jgss" type="simple" />
            <root url="jrt://C:/Users/walker.dou/.jdks/corretto-17.0.9!/jdk.unsupported" type="simple" />
            <root url="jrt://C:/Users/walker.dou/.jdks/corretto-17.0.9!/jdk.unsupported.desktop" type="simple" />
            <root url="jrt://C:/Users/walker.dou/.jdks/corretto-17.0.9!/jdk.xml.dom" type="simple" />
            <root url="jrt://C:/Users/walker.dou/.jdks/corretto-17.0.9!/jdk.zipfs" type="simple" />
          </root>
        </classPath>
        <javadocPath>
          <root type="composite" />
        </javadocPath>
        <sourcePath>
          <root type="composite">
            <root url="jar://$USER_HOME$/.jdks/corretto-17.0.9/lib/src.zip!/java.se" type="simple" />
            <root url="jar://$USER_HOME$/.jdks/corretto-17.0.9/lib/src.zip!/jdk.jdi" type="simple" />
            <root url="jar://$USER_HOME$/.jdks/corretto-17.0.9/lib/src.zip!/jdk.jfr" type="simple" />
            <root url="jar://$USER_HOME$/.jdks/corretto-17.0.9/lib/src.zip!/jdk.net" type="simple" />
            <root url="jar://$USER_HOME$/.jdks/corretto-17.0.9/lib/src.zip!/java.rmi" type="simple" />
            <root url="jar://$USER_HOME$/.jdks/corretto-17.0.9/lib/src.zip!/java.sql" type="simple" />
            <root url="jar://$USER_HOME$/.jdks/corretto-17.0.9/lib/src.zip!/java.xml" type="simple" />
            <root url="jar://$USER_HOME$/.jdks/corretto-17.0.9/lib/src.zip!/jdk.jcmd" type="simple" />
            <root url="jar://$USER_HOME$/.jdks/corretto-17.0.9/lib/src.zip!/jdk.sctp" type="simple" />
            <root url="jar://$USER_HOME$/.jdks/corretto-17.0.9/lib/src.zip!/java.base" type="simple" />
            <root url="jar://$USER_HOME$/.jdks/corretto-17.0.9/lib/src.zip!/jdk.jdeps" type="simple" />
            <root url="jar://$USER_HOME$/.jdks/corretto-17.0.9/lib/src.zip!/jdk.jlink" type="simple" />
            <root url="jar://$USER_HOME$/.jdks/corretto-17.0.9/lib/src.zip!/jdk.zipfs" type="simple" />
            <root url="jar://$USER_HOME$/.jdks/corretto-17.0.9/lib/src.zip!/java.prefs" type="simple" />
            <root url="jar://$USER_HOME$/.jdks/corretto-17.0.9/lib/src.zip!/jdk.attach" type="simple" />
            <root url="jar://$USER_HOME$/.jdks/corretto-17.0.9/lib/src.zip!/jdk.jshell" type="simple" />
            <root url="jar://$USER_HOME$/.jdks/corretto-17.0.9/lib/src.zip!/jdk.jstatd" type="simple" />
            <root url="jar://$USER_HOME$/.jdks/corretto-17.0.9/lib/src.zip!/jdk.random" type="simple" />
            <root url="jar://$USER_HOME$/.jdks/corretto-17.0.9/lib/src.zip!/java.naming" type="simple" />
            <root url="jar://$USER_HOME$/.jdks/corretto-17.0.9/lib/src.zip!/jdk.editpad" type="simple" />
            <root url="jar://$USER_HOME$/.jdks/corretto-17.0.9/lib/src.zip!/jdk.jartool" type="simple" />
            <root url="jar://$USER_HOME$/.jdks/corretto-17.0.9/lib/src.zip!/jdk.javadoc" type="simple" />
            <root url="jar://$USER_HOME$/.jdks/corretto-17.0.9/lib/src.zip!/jdk.xml.dom" type="simple" />
            <root url="jar://$USER_HOME$/.jdks/corretto-17.0.9/lib/src.zip!/java.desktop" type="simple" />
            <root url="jar://$USER_HOME$/.jdks/corretto-17.0.9/lib/src.zip!/java.logging" type="simple" />
            <root url="jar://$USER_HOME$/.jdks/corretto-17.0.9/lib/src.zip!/jdk.charsets" type="simple" />
            <root url="jar://$USER_HOME$/.jdks/corretto-17.0.9/lib/src.zip!/jdk.compiler" type="simple" />
            <root url="jar://$USER_HOME$/.jdks/corretto-17.0.9/lib/src.zip!/jdk.dynalink" type="simple" />
            <root url="jar://$USER_HOME$/.jdks/corretto-17.0.9/lib/src.zip!/jdk.jconsole" type="simple" />
            <root url="jar://$USER_HOME$/.jdks/corretto-17.0.9/lib/src.zip!/jdk.jpackage" type="simple" />
            <root url="jar://$USER_HOME$/.jdks/corretto-17.0.9/lib/src.zip!/jdk.jsobject" type="simple" />
            <root url="jar://$USER_HOME$/.jdks/corretto-17.0.9/lib/src.zip!/java.compiler" type="simple" />
            <root url="jar://$USER_HOME$/.jdks/corretto-17.0.9/lib/src.zip!/java.net.http" type="simple" />
            <root url="jar://$USER_HOME$/.jdks/corretto-17.0.9/lib/src.zip!/jdk.crypto.ec" type="simple" />
            <root url="jar://$USER_HOME$/.jdks/corretto-17.0.9/lib/src.zip!/java.scripting" type="simple" />
            <root url="jar://$USER_HOME$/.jdks/corretto-17.0.9/lib/src.zip!/jdk.httpserver" type="simple" />
            <root url="jar://$USER_HOME$/.jdks/corretto-17.0.9/lib/src.zip!/jdk.jdwp.agent" type="simple" />
            <root url="jar://$USER_HOME$/.jdks/corretto-17.0.9/lib/src.zip!/jdk.localedata" type="simple" />
            <root url="jar://$USER_HOME$/.jdks/corretto-17.0.9/lib/src.zip!/jdk.management" type="simple" />
            <root url="jar://$USER_HOME$/.jdks/corretto-17.0.9/lib/src.zip!/jdk.naming.dns" type="simple" />
            <root url="jar://$USER_HOME$/.jdks/corretto-17.0.9/lib/src.zip!/jdk.naming.rmi" type="simple" />
            <root url="jar://$USER_HOME$/.jdks/corretto-17.0.9/lib/src.zip!/java.instrument" type="simple" />
            <root url="jar://$USER_HOME$/.jdks/corretto-17.0.9/lib/src.zip!/java.management" type="simple" />
            <root url="jar://$USER_HOME$/.jdks/corretto-17.0.9/lib/src.zip!/java.sql.rowset" type="simple" />
            <root url="jar://$USER_HOME$/.jdks/corretto-17.0.9/lib/src.zip!/java.xml.crypto" type="simple" />
            <root url="jar://$USER_HOME$/.jdks/corretto-17.0.9/lib/src.zip!/jdk.internal.ed" type="simple" />
            <root url="jar://$USER_HOME$/.jdks/corretto-17.0.9/lib/src.zip!/jdk.internal.le" type="simple" />
            <root url="jar://$USER_HOME$/.jdks/corretto-17.0.9/lib/src.zip!/jdk.nio.mapmode" type="simple" />
            <root url="jar://$USER_HOME$/.jdks/corretto-17.0.9/lib/src.zip!/jdk.unsupported" type="simple" />
            <root url="jar://$USER_HOME$/.jdks/corretto-17.0.9/lib/src.zip!/java.smartcardio" type="simple" />
            <root url="jar://$USER_HOME$/.jdks/corretto-17.0.9/lib/src.zip!/jdk.internal.opt" type="simple" />
            <root url="jar://$USER_HOME$/.jdks/corretto-17.0.9/lib/src.zip!/java.datatransfer" type="simple" />
            <root url="jar://$USER_HOME$/.jdks/corretto-17.0.9/lib/src.zip!/jdk.accessibility" type="simple" />
            <root url="jar://$USER_HOME$/.jdks/corretto-17.0.9/lib/src.zip!/jdk.crypto.mscapi" type="simple" />
            <root url="jar://$USER_HOME$/.jdks/corretto-17.0.9/lib/src.zip!/jdk.hotspot.agent" type="simple" />
            <root url="jar://$USER_HOME$/.jdks/corretto-17.0.9/lib/src.zip!/jdk.security.auth" type="simple" />
            <root url="jar://$USER_HOME$/.jdks/corretto-17.0.9/lib/src.zip!/jdk.security.jgss" type="simple" />
            <root url="jar://$USER_HOME$/.jdks/corretto-17.0.9/lib/src.zip!/java.security.jgss" type="simple" />
            <root url="jar://$USER_HOME$/.jdks/corretto-17.0.9/lib/src.zip!/java.security.sasl" type="simple" />
            <root url="jar://$USER_HOME$/.jdks/corretto-17.0.9/lib/src.zip!/jdk.internal.vm.ci" type="simple" />
            <root url="jar://$USER_HOME$/.jdks/corretto-17.0.9/lib/src.zip!/jdk.management.jfr" type="simple" />
            <root url="jar://$USER_HOME$/.jdks/corretto-17.0.9/lib/src.zip!/java.management.rmi" type="simple" />
            <root url="jar://$USER_HOME$/.jdks/corretto-17.0.9/lib/src.zip!/java.transaction.xa" type="simple" />
            <root url="jar://$USER_HOME$/.jdks/corretto-17.0.9/lib/src.zip!/jdk.crypto.cryptoki" type="simple" />
            <root url="jar://$USER_HOME$/.jdks/corretto-17.0.9/lib/src.zip!/jdk.incubator.vector" type="simple" />
            <root url="jar://$USER_HOME$/.jdks/corretto-17.0.9/lib/src.zip!/jdk.internal.jvmstat" type="simple" />
            <root url="jar://$USER_HOME$/.jdks/corretto-17.0.9/lib/src.zip!/jdk.management.agent" type="simple" />
            <root url="jar://$USER_HOME$/.jdks/corretto-17.0.9/lib/src.zip!/jdk.incubator.foreign" type="simple" />
            <root url="jar://$USER_HOME$/.jdks/corretto-17.0.9/lib/src.zip!/jdk.unsupported.desktop" type="simple" />
            <root url="jar://$USER_HOME$/.jdks/corretto-17.0.9/lib/src.zip!/jdk.internal.vm.compiler" type="simple" />
            <root url="jar://$USER_HOME$/.jdks/corretto-17.0.9/lib/src.zip!/jdk.internal.vm.compiler.management" type="simple" />
          </root>
        </sourcePath>
      </roots>
      <additional />
    </jdk>
    <jdk version="2">
      <name value="21" />
      <type value="JavaSDK" />
      <version value="Oracle OpenJDK version 21.0.1" />
      <homePath value="C:\Users\walker.dou\.jdks\openjdk-21.0.1" />
      <roots>
        <annotationsPath>
          <root type="composite">
            <root url="jar://$APPLICATION_HOME_DIR$/plugins/java/lib/resources/jdkAnnotations.jar!/" type="simple" />
          </root>
        </annotationsPath>
        <classPath>
          <root type="composite">
            <root url="jrt://C:/Users/walker.dou/.jdks/openjdk-21.0.1!/java.base" type="simple" />
            <root url="jrt://C:/Users/walker.dou/.jdks/openjdk-21.0.1!/java.compiler" type="simple" />
            <root url="jrt://C:/Users/walker.dou/.jdks/openjdk-21.0.1!/java.datatransfer" type="simple" />
            <root url="jrt://C:/Users/walker.dou/.jdks/openjdk-21.0.1!/java.desktop" type="simple" />
            <root url="jrt://C:/Users/walker.dou/.jdks/openjdk-21.0.1!/java.instrument" type="simple" />
            <root url="jrt://C:/Users/walker.dou/.jdks/openjdk-21.0.1!/java.logging" type="simple" />
            <root url="jrt://C:/Users/walker.dou/.jdks/openjdk-21.0.1!/java.management" type="simple" />
            <root url="jrt://C:/Users/walker.dou/.jdks/openjdk-21.0.1!/java.management.rmi" type="simple" />
            <root url="jrt://C:/Users/walker.dou/.jdks/openjdk-21.0.1!/java.naming" type="simple" />
            <root url="jrt://C:/Users/walker.dou/.jdks/openjdk-21.0.1!/java.net.http" type="simple" />
            <root url="jrt://C:/Users/walker.dou/.jdks/openjdk-21.0.1!/java.prefs" type="simple" />
            <root url="jrt://C:/Users/walker.dou/.jdks/openjdk-21.0.1!/java.rmi" type="simple" />
            <root url="jrt://C:/Users/walker.dou/.jdks/openjdk-21.0.1!/java.scripting" type="simple" />
            <root url="jrt://C:/Users/walker.dou/.jdks/openjdk-21.0.1!/java.se" type="simple" />
            <root url="jrt://C:/Users/walker.dou/.jdks/openjdk-21.0.1!/java.security.jgss" type="simple" />
            <root url="jrt://C:/Users/walker.dou/.jdks/openjdk-21.0.1!/java.security.sasl" type="simple" />
            <root url="jrt://C:/Users/walker.dou/.jdks/openjdk-21.0.1!/java.smartcardio" type="simple" />
            <root url="jrt://C:/Users/walker.dou/.jdks/openjdk-21.0.1!/java.sql" type="simple" />
            <root url="jrt://C:/Users/walker.dou/.jdks/openjdk-21.0.1!/java.sql.rowset" type="simple" />
            <root url="jrt://C:/Users/walker.dou/.jdks/openjdk-21.0.1!/java.transaction.xa" type="simple" />
            <root url="jrt://C:/Users/walker.dou/.jdks/openjdk-21.0.1!/java.xml" type="simple" />
            <root url="jrt://C:/Users/walker.dou/.jdks/openjdk-21.0.1!/java.xml.crypto" type="simple" />
            <root url="jrt://C:/Users/walker.dou/.jdks/openjdk-21.0.1!/jdk.accessibility" type="simple" />
            <root url="jrt://C:/Users/walker.dou/.jdks/openjdk-21.0.1!/jdk.attach" type="simple" />
            <root url="jrt://C:/Users/walker.dou/.jdks/openjdk-21.0.1!/jdk.charsets" type="simple" />
            <root url="jrt://C:/Users/walker.dou/.jdks/openjdk-21.0.1!/jdk.compiler" type="simple" />
            <root url="jrt://C:/Users/walker.dou/.jdks/openjdk-21.0.1!/jdk.crypto.cryptoki" type="simple" />
            <root url="jrt://C:/Users/walker.dou/.jdks/openjdk-21.0.1!/jdk.crypto.ec" type="simple" />
            <root url="jrt://C:/Users/walker.dou/.jdks/openjdk-21.0.1!/jdk.crypto.mscapi" type="simple" />
            <root url="jrt://C:/Users/walker.dou/.jdks/openjdk-21.0.1!/jdk.dynalink" type="simple" />
            <root url="jrt://C:/Users/walker.dou/.jdks/openjdk-21.0.1!/jdk.editpad" type="simple" />
            <root url="jrt://C:/Users/walker.dou/.jdks/openjdk-21.0.1!/jdk.hotspot.agent" type="simple" />
            <root url="jrt://C:/Users/walker.dou/.jdks/openjdk-21.0.1!/jdk.httpserver" type="simple" />
            <root url="jrt://C:/Users/walker.dou/.jdks/openjdk-21.0.1!/jdk.incubator.vector" type="simple" />
            <root url="jrt://C:/Users/walker.dou/.jdks/openjdk-21.0.1!/jdk.internal.ed" type="simple" />
            <root url="jrt://C:/Users/walker.dou/.jdks/openjdk-21.0.1!/jdk.internal.jvmstat" type="simple" />
            <root url="jrt://C:/Users/walker.dou/.jdks/openjdk-21.0.1!/jdk.internal.le" type="simple" />
            <root url="jrt://C:/Users/walker.dou/.jdks/openjdk-21.0.1!/jdk.internal.opt" type="simple" />
            <root url="jrt://C:/Users/walker.dou/.jdks/openjdk-21.0.1!/jdk.internal.vm.ci" type="simple" />
            <root url="jrt://C:/Users/walker.dou/.jdks/openjdk-21.0.1!/jdk.internal.vm.compiler" type="simple" />
            <root url="jrt://C:/Users/walker.dou/.jdks/openjdk-21.0.1!/jdk.internal.vm.compiler.management" type="simple" />
            <root url="jrt://C:/Users/walker.dou/.jdks/openjdk-21.0.1!/jdk.jartool" type="simple" />
            <root url="jrt://C:/Users/walker.dou/.jdks/openjdk-21.0.1!/jdk.javadoc" type="simple" />
            <root url="jrt://C:/Users/walker.dou/.jdks/openjdk-21.0.1!/jdk.jcmd" type="simple" />
            <root url="jrt://C:/Users/walker.dou/.jdks/openjdk-21.0.1!/jdk.jconsole" type="simple" />
            <root url="jrt://C:/Users/walker.dou/.jdks/openjdk-21.0.1!/jdk.jdeps" type="simple" />
            <root url="jrt://C:/Users/walker.dou/.jdks/openjdk-21.0.1!/jdk.jdi" type="simple" />
            <root url="jrt://C:/Users/walker.dou/.jdks/openjdk-21.0.1!/jdk.jdwp.agent" type="simple" />
            <root url="jrt://C:/Users/walker.dou/.jdks/openjdk-21.0.1!/jdk.jfr" type="simple" />
            <root url="jrt://C:/Users/walker.dou/.jdks/openjdk-21.0.1!/jdk.jlink" type="simple" />
            <root url="jrt://C:/Users/walker.dou/.jdks/openjdk-21.0.1!/jdk.jpackage" type="simple" />
            <root url="jrt://C:/Users/walker.dou/.jdks/openjdk-21.0.1!/jdk.jshell" type="simple" />
            <root url="jrt://C:/Users/walker.dou/.jdks/openjdk-21.0.1!/jdk.jsobject" type="simple" />
            <root url="jrt://C:/Users/walker.dou/.jdks/openjdk-21.0.1!/jdk.jstatd" type="simple" />
            <root url="jrt://C:/Users/walker.dou/.jdks/openjdk-21.0.1!/jdk.localedata" type="simple" />
            <root url="jrt://C:/Users/walker.dou/.jdks/openjdk-21.0.1!/jdk.management" type="simple" />
            <root url="jrt://C:/Users/walker.dou/.jdks/openjdk-21.0.1!/jdk.management.agent" type="simple" />
            <root url="jrt://C:/Users/walker.dou/.jdks/openjdk-21.0.1!/jdk.management.jfr" type="simple" />
            <root url="jrt://C:/Users/walker.dou/.jdks/openjdk-21.0.1!/jdk.naming.dns" type="simple" />
            <root url="jrt://C:/Users/walker.dou/.jdks/openjdk-21.0.1!/jdk.naming.rmi" type="simple" />
            <root url="jrt://C:/Users/walker.dou/.jdks/openjdk-21.0.1!/jdk.net" type="simple" />
            <root url="jrt://C:/Users/walker.dou/.jdks/openjdk-21.0.1!/jdk.nio.mapmode" type="simple" />
            <root url="jrt://C:/Users/walker.dou/.jdks/openjdk-21.0.1!/jdk.random" type="simple" />
            <root url="jrt://C:/Users/walker.dou/.jdks/openjdk-21.0.1!/jdk.sctp" type="simple" />
            <root url="jrt://C:/Users/walker.dou/.jdks/openjdk-21.0.1!/jdk.security.auth" type="simple" />
            <root url="jrt://C:/Users/walker.dou/.jdks/openjdk-21.0.1!/jdk.security.jgss" type="simple" />
            <root url="jrt://C:/Users/walker.dou/.jdks/openjdk-21.0.1!/jdk.unsupported" type="simple" />
            <root url="jrt://C:/Users/walker.dou/.jdks/openjdk-21.0.1!/jdk.unsupported.desktop" type="simple" />
            <root url="jrt://C:/Users/walker.dou/.jdks/openjdk-21.0.1!/jdk.xml.dom" type="simple" />
            <root url="jrt://C:/Users/walker.dou/.jdks/openjdk-21.0.1!/jdk.zipfs" type="simple" />
          </root>
        </classPath>
        <javadocPath>
          <root type="composite" />
        </javadocPath>
        <sourcePath>
          <root type="composite">
            <root url="jar://$USER_HOME$/.jdks/openjdk-21.0.1/lib/src.zip!/java.se" type="simple" />
            <root url="jar://$USER_HOME$/.jdks/openjdk-21.0.1/lib/src.zip!/jdk.jdi" type="simple" />
            <root url="jar://$USER_HOME$/.jdks/openjdk-21.0.1/lib/src.zip!/jdk.jfr" type="simple" />
            <root url="jar://$USER_HOME$/.jdks/openjdk-21.0.1/lib/src.zip!/jdk.net" type="simple" />
            <root url="jar://$USER_HOME$/.jdks/openjdk-21.0.1/lib/src.zip!/java.rmi" type="simple" />
            <root url="jar://$USER_HOME$/.jdks/openjdk-21.0.1/lib/src.zip!/java.sql" type="simple" />
            <root url="jar://$USER_HOME$/.jdks/openjdk-21.0.1/lib/src.zip!/java.xml" type="simple" />
            <root url="jar://$USER_HOME$/.jdks/openjdk-21.0.1/lib/src.zip!/jdk.jcmd" type="simple" />
            <root url="jar://$USER_HOME$/.jdks/openjdk-21.0.1/lib/src.zip!/jdk.sctp" type="simple" />
            <root url="jar://$USER_HOME$/.jdks/openjdk-21.0.1/lib/src.zip!/java.base" type="simple" />
            <root url="jar://$USER_HOME$/.jdks/openjdk-21.0.1/lib/src.zip!/jdk.jdeps" type="simple" />
            <root url="jar://$USER_HOME$/.jdks/openjdk-21.0.1/lib/src.zip!/jdk.jlink" type="simple" />
            <root url="jar://$USER_HOME$/.jdks/openjdk-21.0.1/lib/src.zip!/jdk.zipfs" type="simple" />
            <root url="jar://$USER_HOME$/.jdks/openjdk-21.0.1/lib/src.zip!/java.prefs" type="simple" />
            <root url="jar://$USER_HOME$/.jdks/openjdk-21.0.1/lib/src.zip!/jdk.attach" type="simple" />
            <root url="jar://$USER_HOME$/.jdks/openjdk-21.0.1/lib/src.zip!/jdk.jshell" type="simple" />
            <root url="jar://$USER_HOME$/.jdks/openjdk-21.0.1/lib/src.zip!/jdk.jstatd" type="simple" />
            <root url="jar://$USER_HOME$/.jdks/openjdk-21.0.1/lib/src.zip!/jdk.random" type="simple" />
            <root url="jar://$USER_HOME$/.jdks/openjdk-21.0.1/lib/src.zip!/java.naming" type="simple" />
            <root url="jar://$USER_HOME$/.jdks/openjdk-21.0.1/lib/src.zip!/jdk.editpad" type="simple" />
            <root url="jar://$USER_HOME$/.jdks/openjdk-21.0.1/lib/src.zip!/jdk.jartool" type="simple" />
            <root url="jar://$USER_HOME$/.jdks/openjdk-21.0.1/lib/src.zip!/jdk.javadoc" type="simple" />
            <root url="jar://$USER_HOME$/.jdks/openjdk-21.0.1/lib/src.zip!/jdk.xml.dom" type="simple" />
            <root url="jar://$USER_HOME$/.jdks/openjdk-21.0.1/lib/src.zip!/java.desktop" type="simple" />
            <root url="jar://$USER_HOME$/.jdks/openjdk-21.0.1/lib/src.zip!/java.logging" type="simple" />
            <root url="jar://$USER_HOME$/.jdks/openjdk-21.0.1/lib/src.zip!/jdk.charsets" type="simple" />
            <root url="jar://$USER_HOME$/.jdks/openjdk-21.0.1/lib/src.zip!/jdk.compiler" type="simple" />
            <root url="jar://$USER_HOME$/.jdks/openjdk-21.0.1/lib/src.zip!/jdk.dynalink" type="simple" />
            <root url="jar://$USER_HOME$/.jdks/openjdk-21.0.1/lib/src.zip!/jdk.jconsole" type="simple" />
            <root url="jar://$USER_HOME$/.jdks/openjdk-21.0.1/lib/src.zip!/jdk.jpackage" type="simple" />
            <root url="jar://$USER_HOME$/.jdks/openjdk-21.0.1/lib/src.zip!/jdk.jsobject" type="simple" />
            <root url="jar://$USER_HOME$/.jdks/openjdk-21.0.1/lib/src.zip!/java.compiler" type="simple" />
            <root url="jar://$USER_HOME$/.jdks/openjdk-21.0.1/lib/src.zip!/java.net.http" type="simple" />
            <root url="jar://$USER_HOME$/.jdks/openjdk-21.0.1/lib/src.zip!/jdk.crypto.ec" type="simple" />
            <root url="jar://$USER_HOME$/.jdks/openjdk-21.0.1/lib/src.zip!/java.scripting" type="simple" />
            <root url="jar://$USER_HOME$/.jdks/openjdk-21.0.1/lib/src.zip!/jdk.httpserver" type="simple" />
            <root url="jar://$USER_HOME$/.jdks/openjdk-21.0.1/lib/src.zip!/jdk.jdwp.agent" type="simple" />
            <root url="jar://$USER_HOME$/.jdks/openjdk-21.0.1/lib/src.zip!/jdk.localedata" type="simple" />
            <root url="jar://$USER_HOME$/.jdks/openjdk-21.0.1/lib/src.zip!/jdk.management" type="simple" />
            <root url="jar://$USER_HOME$/.jdks/openjdk-21.0.1/lib/src.zip!/jdk.naming.dns" type="simple" />
            <root url="jar://$USER_HOME$/.jdks/openjdk-21.0.1/lib/src.zip!/jdk.naming.rmi" type="simple" />
            <root url="jar://$USER_HOME$/.jdks/openjdk-21.0.1/lib/src.zip!/java.instrument" type="simple" />
            <root url="jar://$USER_HOME$/.jdks/openjdk-21.0.1/lib/src.zip!/java.management" type="simple" />
            <root url="jar://$USER_HOME$/.jdks/openjdk-21.0.1/lib/src.zip!/java.sql.rowset" type="simple" />
            <root url="jar://$USER_HOME$/.jdks/openjdk-21.0.1/lib/src.zip!/java.xml.crypto" type="simple" />
            <root url="jar://$USER_HOME$/.jdks/openjdk-21.0.1/lib/src.zip!/jdk.internal.ed" type="simple" />
            <root url="jar://$USER_HOME$/.jdks/openjdk-21.0.1/lib/src.zip!/jdk.internal.le" type="simple" />
            <root url="jar://$USER_HOME$/.jdks/openjdk-21.0.1/lib/src.zip!/jdk.nio.mapmode" type="simple" />
            <root url="jar://$USER_HOME$/.jdks/openjdk-21.0.1/lib/src.zip!/jdk.unsupported" type="simple" />
            <root url="jar://$USER_HOME$/.jdks/openjdk-21.0.1/lib/src.zip!/java.smartcardio" type="simple" />
            <root url="jar://$USER_HOME$/.jdks/openjdk-21.0.1/lib/src.zip!/jdk.internal.opt" type="simple" />
            <root url="jar://$USER_HOME$/.jdks/openjdk-21.0.1/lib/src.zip!/java.datatransfer" type="simple" />
            <root url="jar://$USER_HOME$/.jdks/openjdk-21.0.1/lib/src.zip!/jdk.accessibility" type="simple" />
            <root url="jar://$USER_HOME$/.jdks/openjdk-21.0.1/lib/src.zip!/jdk.crypto.mscapi" type="simple" />
            <root url="jar://$USER_HOME$/.jdks/openjdk-21.0.1/lib/src.zip!/jdk.hotspot.agent" type="simple" />
            <root url="jar://$USER_HOME$/.jdks/openjdk-21.0.1/lib/src.zip!/jdk.security.auth" type="simple" />
            <root url="jar://$USER_HOME$/.jdks/openjdk-21.0.1/lib/src.zip!/jdk.security.jgss" type="simple" />
            <root url="jar://$USER_HOME$/.jdks/openjdk-21.0.1/lib/src.zip!/java.security.jgss" type="simple" />
            <root url="jar://$USER_HOME$/.jdks/openjdk-21.0.1/lib/src.zip!/java.security.sasl" type="simple" />
            <root url="jar://$USER_HOME$/.jdks/openjdk-21.0.1/lib/src.zip!/jdk.internal.vm.ci" type="simple" />
            <root url="jar://$USER_HOME$/.jdks/openjdk-21.0.1/lib/src.zip!/jdk.management.jfr" type="simple" />
            <root url="jar://$USER_HOME$/.jdks/openjdk-21.0.1/lib/src.zip!/java.management.rmi" type="simple" />
            <root url="jar://$USER_HOME$/.jdks/openjdk-21.0.1/lib/src.zip!/java.transaction.xa" type="simple" />
            <root url="jar://$USER_HOME$/.jdks/openjdk-21.0.1/lib/src.zip!/jdk.crypto.cryptoki" type="simple" />
            <root url="jar://$USER_HOME$/.jdks/openjdk-21.0.1/lib/src.zip!/jdk.incubator.vector" type="simple" />
            <root url="jar://$USER_HOME$/.jdks/openjdk-21.0.1/lib/src.zip!/jdk.internal.jvmstat" type="simple" />
            <root url="jar://$USER_HOME$/.jdks/openjdk-21.0.1/lib/src.zip!/jdk.management.agent" type="simple" />
            <root url="jar://$USER_HOME$/.jdks/openjdk-21.0.1/lib/src.zip!/jdk.unsupported.desktop" type="simple" />
            <root url="jar://$USER_HOME$/.jdks/openjdk-21.0.1/lib/src.zip!/jdk.internal.vm.compiler" type="simple" />
            <root url="jar://$USER_HOME$/.jdks/openjdk-21.0.1/lib/src.zip!/jdk.internal.vm.compiler.management" type="simple" />
          </root>
        </sourcePath>
      </roots>
      <additional />
    </jdk>
  </component>
</application>