<application>
  <component name="AppStorage">
    <option name="newTranslationDialogHeight" value="489" />
    <option name="newTranslationDialogWidth" value="521" />
    <option name="newTranslationDialogX" value="1270" />
    <option name="newTranslationDialogY" value="407" />
    <option name="pinTranslationDialog" value="true" />
    <histories>
      <item value="认证" />
      <item value="ren'z" />
      <item value="鉴权" />
      <item value="A list of MarketplaceId values. Used to select orders that were placed in the specified marketplaces." />
      <item value="&#9;Picked up" />
      <item value="deposit" />
      <item value="Debit Source Bank Account Command" />
      <item value="debit" />
      <item value="Axon" />
      <item value="Captcha" />
      <item value="set Allow Credentials" />
      <item value="divide Order Fee" />
      <item value="通用处理" />
      <item value="tong" />
      <item value="freight Amount" />
      <item value="电商" />
      <item value="厂送" />
      <item value="Dropship" />
      <item value="拼接&#10;" />
      <item value="推广" />
      <item value="脱敏" />
      <item value="计算&#10;" />
      <item value="determine Trigger Time" />
      <item value="下载时间" />
      <item value="推单时间" />
      <item value="@Transactional requirement is incompatible with the one for this method" />
      <item value="Source file generation can be useful when doing things such as annotation processing or interacting with metadata files (e.g., database schemas, protocol formats). By generating code, you eliminate the need to write boilerplate while also keeping a single source of truth for the metadata." />
      <item value="eliminate" />
      <item value="This is a must, so that we don't have multiple threads messing with the socket" />
      <item value="min-spare" />
      <item value="Reduce the total number of break and continue statements in this loop to use at most one." />
      <item value="sad" />
      <item value="苦恋" />
      <item value="ku'lian" />
      <item value="Thrown when an application tries to call an abstract method. Normally, this error is caught by the compiler; this error can only occur at run time if the definition of some class has incompatibly changed since the currently executing method was last compiled." />
      <item value="omni" />
      <item value="错误" />
      <item value="composite&#10;" />
      <item value="组合" />
      <item value="Composite" />
      <item value="转化" />
      <item value="标准" />
      <item value="标准订单" />
      <item value="延迟推送" />
      <item value="保养" />
      <item value="配件" />
      <item value="captcha" />
      <item value="Information regarding CI builds can be found in the project's [Concourse pipeline](ciREADME.adoc) documentation." />
      <item value="check" />
      <item value="检查" />
    </histories>
    <option name="languageScores">
      <map>
        <entry key="CHINESE" value="1690" />
        <entry key="ENGLISH" value="1690" />
        <entry key="ALBANIAN" value="1" />
        <entry key="AFRIKAANS" value="1" />
        <entry key="CZECH" value="1" />
        <entry key="KINYARWANDA" value="1" />
        <entry key="ROMANIAN" value="1" />
        <entry key="NORWEGIAN" value="1" />
        <entry key="SLOVAK" value="1" />
        <entry key="THAI" value="1" />
        <entry key="HUNGARIAN" value="1" />
        <entry key="ITALIAN" value="1" />
        <entry key="VIETNAMESE" value="1" />
      </map>
    </option>
  </component>
  <component name="Cache">
    <option name="lastTrimTime" value="1678686897464" />
  </component>
  <component name="Settings">
    <option name="baiduTranslateSettings">
      <app-key>
        <option name="appId" value="20221008001376711" />
      </app-key>
    </option>
    <option name="translator" value="BAIDU" />
  </component>
  <component name="Translation.Cache">
    <option name="lastTrimTime" value="1705301762334" />
  </component>
  <component name="Translation.Settings">
    <option name="baiduTranslateSettings">
      <app-key>
        <option name="appId" value="20221008001376711" />
      </app-key>
    </option>
    <option name="primaryLanguage" value="CHINESE" />
    <option name="translator" value="BAIDU" />
  </component>
  <component name="Translation.States">
    <option name="newTranslationDialogHeight" value="299" />
    <option name="newTranslationDialogWidth" value="623" />
    <option name="newTranslationDialogX" value="702" />
    <option name="newTranslationDialogY" value="739" />
    <option name="pinTranslationDialog" value="true" />
    <histories>
      <item value="元素&#10;" />
      <item value="yusn" />
      <item value="sneakyThrow" />
      <item value="之前的" />
      <item value="恰当" />
      <item value="调用" />
      <item value="是否" />
      <item value="禁止" />
      <item value="订单转化是否校验物料号&#10;" />
      <item value="发票" />
      <item value="推送是否校验商品库存&#10;是否发货回传给上游&#10;是否发送邮件&#10;" />
      <item value="dehydrate" />
      <item value="TODO: we should throw an exception if we really know for sure that this is a detached instance, rather than just assuming throw new StaleObjectStateException(entityName, id); we got here because we assumed that an instance with an assigned id was detached, when it was really persistent" />
      <item value="persist" />
      <item value="换货" />
      <item value="退货" />
      <item value="COMPSRA: a COMprehensive Platform for Small RNA-Seq data Analysis&#10;" />
      <item value="RIDA is Canada’s Integrated Rapid Infectious Disease Analysis Platform for Genomic Epidemiology. More information can be found in the following links." />
      <item value="ActivityInfo is an online humanitarian project monitoring tool, which helps humanitarian organizations to collect, manage, map and analyze indicators. ActivityInfo 2.0 was developed to simplify reporting and allow for real time monitoring.&#10;&#10;This repository is an " />
      <item value="This repository is discontinued. The development of SAMOA has moved over to the Apache Software Foundation. Please subscribe to the dev mailing list to participate in the development, and use Jira to report bugs and propose new features. The new repository is mirrored on GitHub.&#10;SAMOA is a platform for mining on big data streams. It is a distributed streaming machine learning (ML) framework that contains a programing abstraction for distributed streaming ML algorithms.&#10;&#10;SAMOA enables development of new ML algorithms without dealing with the complexity of underlying streaming processing engines (SPE, such as Apache Storm and Apache S4). SAMOA also provides extensibility in integrating new SPEs into the framework. These features allow SAMOA users to develop distributed streaming ML algorithms once and to execute the algorithms in multiple SPEs, i.e., code the algorithms once and execute them in multiple SPEs.&#10;&#10;Build" />
      <item value="Dependency-Track is an intelligent Component Analysis platform that allows organizations to identify and reduce risk in the software supply chain. Dependency-Track takes a unique and highly beneficial approach by leveraging the capabilities of Software Bill of Materials (SBOM). This approach provides capabilities that traditional Software Composition Analysis (SCA) solutions cannot achieve.&#10;&#10;Dependency-Track monitors component usage across all versions of every application in its portfolio in order to proactively identify risk across an organization. The platform has an API-first design and is ideal for use in CI/CD environments." />
      <item value="解析平台" />
      <item value="解析" />
      <item value="sharding-Jdbc Standalone mode druid does not take effect but hikari" />
      <item value="DETACHED" />
      <item value="TRANSIENT" />
      <item value="输入值" />
      <item value="Perpetual Cache" />
      <item value="标准模板id" />
      <item value="解析器" />
      <item value="分析平台" />
      <item value="mono" />
      <item value="flux" />
      <item value="仓库" />
      <item value="Replenishment   " />
      <item value="Rounding mode to round towards positive infinity. If the result is positive, behaves as for {@code RoundingMode.UP}; if negative, behaves as for {@code RoundingMode.DOWN}. Note that this rounding mode never decreases the calculated value. &lt;p&gt;Example: &lt;table border&gt; &lt;caption&gt;&lt;b&gt;Rounding mode CEILING Examples&lt;b&gt;&lt;caption&gt; &lt;tr valign=top&gt;&lt;th&gt;Input Number&lt;th&gt; &lt;th&gt;Input rounded to one digit&lt;br&gt; with {@code CEILING} rounding &lt;tr align=right&gt;&lt;td&gt;5.5&lt;td&gt; &lt;td&gt;6&lt;td&gt; &lt;tr align=right&gt;&lt;td&gt;2.5&lt;td&gt; &lt;td&gt;3&lt;td&gt; &lt;tr align=right&gt;&lt;td&gt;1.6&lt;td&gt; &lt;td&gt;2&lt;td&gt; &lt;tr align=right&gt;&lt;td&gt;1.1&lt;td&gt; &lt;td&gt;2&lt;td&gt; &lt;tr align=right&gt;&lt;td&gt;1.0&lt;td&gt; &lt;td&gt;1&lt;td&gt; &lt;tr align=right&gt;&lt;td&gt;-1.0&lt;td&gt; &lt;td&gt;-1&lt;td&gt; &lt;tr align=right&gt;&lt;td&gt;-1.1&lt;td&gt; &lt;td&gt;-1&lt;td&gt; &lt;tr align=right&gt;&lt;td&gt;-1.6&lt;td&gt; &lt;td&gt;-1&lt;td&gt; &lt;tr align=right&gt;&lt;td&gt;-2.5&lt;td&gt; &lt;td&gt;-2&lt;td&gt; &lt;tr align=right&gt;&lt;td&gt;-5.5&lt;td&gt; &lt;td&gt;-5&lt;td&gt; &lt;table&gt;" />
      <item value="sku不能重复&#10;" />
      <item value="重复" />
      <item value="发货回传给上游" />
      <item value="STORE" />
      <item value="库存" />
      <item value="shipping Back" />
      <item value="费用凭证未确认" />
      <item value="订单上商品是否有b1Code&#10;" />
      <item value="能力" />
      <item value="有什么能力" />
      <item value="参数" />
      <item value="已结算&#10;部分结算&#10;未结算&#10;" />
      <item value="亚马逊商品映射关系导入" />
      <item value="bulk" />
    </histories>
    <option name="languageScores">
      <map>
        <entry key="CHINESE" value="1648" />
        <entry key="CZECH" value="1" />
        <entry key="DANISH" value="1" />
        <entry key="ENGLISH" value="1632" />
        <entry key="ESPERANTO" value="2" />
        <entry key="GERMAN" value="1" />
        <entry key="IRISH" value="1" />
        <entry key="JAPANESE" value="61" />
        <entry key="NORWEGIAN" value="2" />
        <entry key="SWEDISH" value="1" />
      </map>
    </option>
  </component>
</application>